Datum,Ort,Bundesland,Veranstalter,Zuordnung,Kategorie,Motto,Teilnehmer
07.01.2016,Sebnitz,Sachsen,NPD,NPD/JN,NPD,"Wer immer schweigt, verliert seine Stimme! Unsere Heimat, unser Recht!",80
08.01.2016,Wittenberg,Sachsen-Anhalt,,Neonazis / Rechtsextremisten,sonstige,Asylflut stoppen,120
09.01.2016,Steinhöfel,Brandenburg,NPD - KV Oderland,NPD/JN,NPD,Gegen die Asypolitik der Herrschenden,60
09.01.2016,Storkow,Brandenburg,NPD - KV Oderland,NPD/JN,NPD,Gegen die Asypolitik der Herrschenden,60
09.01.2016,Lichtenfels,Bayern,NPD - KV Lichtenfels/Kronach,NPD/JN,NPD,Keine Kölner Verhältnisse in Bayern,50
10.01.2016,Northeim,Niedersachsen,,Neonazis / Rechtsextremisten,sonstige,Ein Licht für Deutschland,35
10.01.2016,Am Ohmberg,Thüringen,Das Eichsfeld wehrt sich – Asylflut stoppen,Neonazis / Rechtsextremisten,sonstige,Ein Licht für Deutschland,25
10.01.2016,Heilbad Heiligenstadt,Thüringen,Das Eichsfeld wehrt sich – Asylflut stoppen,Neonazis / Rechtsextremisten,sonstige,Ein Licht für Deutschland,100
12.01.2016,Dessau-Roßlau,Sachsen-Anhalt,Freie Nationalisten Dessau-Bitterfeld,Neonazis / Rechtsextremisten,sonstige,Nein zum Asylantenheim in Roßlau,120
13.01.2016,Saarbrücken,Saarland,Saarländer gegen Salafisten,NPD/JN,NPD,Willkommensidiotie ist heilbar – nehmt euch eure Flüchtlinge mit nach Hause,35
15.01.2016,Plauen,Sachsen,Der III. Weg - Stützpunkt Vogtland,Der III. Weg,III. Weg,Asylflut stoppen,50
16.01.2016,Lünen,Nordrhein-Westfalen,DIE RECHTE - KV Dortmund,Die Rechte,Die Rechte,Asylmissbrauch stoppen,35
16.01.2016,Neumünster,Schleswig-Holstein,Neumünster wehrt sich,NPD/JN,NPD,Neumünster wehrt sich gegen Asylmissbrauch,80
16.01.2016,Limbach-Oberfrohna,Sachsen,DIE RECHTE - LV Sachsen,Die Rechte,Die Rechte,Limbacher reichts – Schluss mit den illegalen Einwanderern,45
16.01.2016,Oederan,Sachsen,Der III. Weg - Stützpunkt Mittelsachsen / Erzgebirge,Der III. Weg,III. Weg,Asylflut stoppen,120
16.01.2016,Magdeburg,Sachsen-Anhalt,,Neonazis / Rechtsextremisten,sonstige,160000 unvergessen,230
17.01.2016,Northeim,Niedersachsen,,Neonazis / Rechtsextremisten,sonstige,Ein Licht für Deutschland,30
17.01.2016,Heilbad Heiligenstadt,Thüringen,Das Eichsfeld wehrt sich – Asylflut stoppen,Neonazis / Rechtsextremisten,sonstige,Ein Licht für Deutschland,75
17.01.2016,Leinefelde,Thüringen,Das Eichsfeld wehrt sich – Asylflut stoppen,Neonazis / Rechtsextremisten,sonstige,Für Deutschland ein Licht,25
19.01.2016,Berlin-Buch,Berlin,NPD - KV 8 Berlin,NPD/JN,NPD,"Wehren, nicht wegschauen!",20
19.01.2016,Zeithain,Sachsen,NPD - KV Meißen,NPD/JN,NPD,Zeithain wehrt sich gegen Asylbetrug und Überfremdung!,200
21.01.2016,Sebnitz,Sachsen,NPD,NPD/JN,NPD,"Wer immer schweigt, verliert seine Stimme! Unsere Heimat, unser Recht!",300
22.01.2016,Brieskow-Finkenheerd,Brandenburg,Einzelperson (Stützpunktleiter der Europäischen Aktion),Neonazis / Rechtsextremisten,sonstige,Finkenheerd sagt Nein,65
22.01.2016,Dortmund,Nordrhein-Westfalen,DIE RECHTE - KV Dortmund,Die Rechte,Die Rechte,"Sicherheit, Recht und Ordnung für Eving. Asylmissbrauch stoppen!",40
23.01.2016,Stendal,Sachsen-Anhalt,DIE RECHTE - LV Sachsen-Anhalt,Die Rechte,Die Rechte,"Perspektiven schaffen, statt Massenzuwanderung akzeptieren",150
24.01.2016,Heilbad Heiligenstadt,Thüringen,Das Eichsfeld wehrt sich – Asylflut stoppen,Neonazis / Rechtsextremisten,sonstige,Ein Licht für Deutschland,70
24.01.2016,Northeim,Niedersachsen,,Neonazis / Rechtsextremisten,sonstige,Ein Licht für Deutschland,30
26.01.2016,Bad Schlema,Sachsen,Bündnis Freigeist,NPD/JN,NPD,Deitsch un frei!,100
27.01.2016,Klingenberg,Sachsen,Initiative Nein zum Heim – Sächsische Schweiz und Osterzgebirge,NPD/JN,NPD,Tradition statt Invasion,140
29.01.2016,Ahlbeck,Mecklenburg-Vorpommern,NPD,NPD/JN,NPD,Ein Licht für Deutschland – gegen Überfremdung,40
30.01.2016,Bamberg,Bayern,DIE RECHTE - LV Bayern,Die Rechte,Die Rechte,Recht auf Zukunft – Überfremdung stoppen,75
30.01.2016,Büdingen,Hessen,Büdingen wehrt sich,NPD/JN,NPD,Büdingen wehrt sich – Asylflut stoppen,150
30.01.2016,Bautzen,Sachsen,,Neonazis / Rechtsextremisten,sonstige,"Krieg, Terror, Gewalt stoppen",170
30.01.2016,Querfurt,Sachsen-Anhalt,,Neonazis / Rechtsextremisten,sonstige,Gesicht zeigen gegen Asylmissbrauch,350
31.01.2016,Borna,Sachsen,,Neonazis / Rechtsextremisten,sonstige,"Wer immer schweigt, verliert seine Stimme! Unsere Heimat, unser Recht!",160
31.01.2016,Heilbad Heiligenstadt,Thüringen,Das Eichsfeld wehrt sich – Asylflut stoppen,Neonazis / Rechtsextremisten,sonstige,Ein Licht für Deutschland,35
31.01.2016,Sonneberg,Thüringen,,Neonazis / Rechtsextremisten,sonstige,Kein Asylheim neben Grundschule – Masseneinwanderung stoppen,680
31.01.2016,Northeim,Niedersachsen,,Neonazis / Rechtsextremisten,sonstige,Ein Licht für Deutschland,25
01.02.2016,Berlin-Weißensee,Berlin,NPD - LV Berlin,NPD/JN,NPD,Das Boot ist voll – Asylbetrüger abschieben!,90
01.02.2016,Grünhain-Beierfeld,Sachsen,Bündnis Freigeist,NPD/JN,NPD,Deitsch un frei!,200
03.02.2016,Dresden-Gorbitz,Sachsen,NPD - KV Dresden,NPD/JN,NPD,Gorbitz sagt nein – Schluss mit Asylmissbrauch und Politikversagen!,120
04.02.2016,Sebnitz,Sachsen,NPD,NPD/JN,NPD,Unser Land – unsere Heimat – Asylchaos stoppen – Rechtsstaatlichkeit sichern,95
04.02.2016,Sömmerda,Thüringen,Heimattreuer Freundeskreis Landkreis Sömmerda,NPD/JN,NPD,Asyllobyisten & kriminelle Ausländer abstrafen!,70
05.02.2016,Delitzsch,Sachsen,JN-Sachsen,NPD/JN,NPD,Merkel muss weg!,90
05.02.2016,Großröhrsdorf,Sachsen,,Neonazis / Rechtsextremisten,sonstige,Bürger begehren auf – wider den politischen Rechtsbruch,75
05.02.2016,Stralsund,Mecklenburg-Vorpommern,,Neonazis / Rechtsextremisten,sonstige,Grenzen dicht! Asylwahnsinn stoppen!,230
06.02.2016,Plattenburg,Brandenburg,"Freie Kräfte Neuruppin, Freie Kräfte Prignitz",Neonazis / Rechtsextremisten,sonstige,"Friedlich ist nicht, wer schweigt, sondern wer das Unrecht beim Namen nennt",90
06.02.2016,Sonneberg,Thüringen,,Neonazis / Rechtsextremisten,sonstige,Kein Asylheim neben Grundschule – Masseneinwanderung stoppen,
06.02.2016,Weimar,Thüringen,DIE RECHTE - LV Thüringen,Die Rechte,Die Rechte,Wir gedenken der Zerstörung deutscher Städte im Jahr 1945,125
07.02.2016,Northeim,Niedersachsen,,Neonazis / Rechtsextremisten,sonstige,Ein Licht für Deutschland,30
12.02.2016,Dortmund,Nordrhein-Westfalen,DIE RECHTE - KV Dortmund,Die Rechte,Die Rechte,Gegen politische Repression – Gegen das Erschießen unschuldiger Tiere durch das SEK,200
12.02.2016,Dresden,Sachsen,Aktionsbündnis gegen das Vergessen,Neonazis / Rechtsextremisten,sonstige,Von der Trauer zur Kraft – 10 Jahre ehrenhaftes Gedenken der Opfer des 13. Februar 1945,650
13.02.2016,Düren,Nordrhein-Westfalen,ARMINIUS-Bund,ARMINIUS-Bund,sonstige,Protest für den Erhalt unseres Volkes und den Schutz unserer Familien – Frauen und Kinder,55
13.02.2016,Alzey,Rheinland-Pfalz,Der III. Weg,Der III. Weg,III. Weg,Asylflut stoppen,100
13.02.2016,Dessau-Roßlau,Sachsen-Anhalt,Freie Nationalisten Dessau-Bitterfeld,Neonazis / Rechtsextremisten,sonstige,Ein Licht für Dresden,70
13.02.2016,Merseburg,Sachsen-Anhalt,,Neonazis / Rechtsextremisten,sonstige,Mitwirkung der Bürger an der öffentlichen Meinung zur Flüchtlingspolitik,100
13.02.2016,Oschersleben,Sachsen-Anhalt,DIE RECHTE - KV Magdeburg/Jerichower Land,Die Rechte,Die Rechte,Gegen linke Gewalt,35
14.02.2016,Northeim,Niedersachsen,,Neonazis / Rechtsextremisten,sonstige,Ein Licht für Deutschland,25
15.02.2016,Cottbus,Brandenburg,NPD - KV Lausitz,NPD/JN,NPD,Für ein würdiges Gedenken an die Opfer des Bombenangriffes auf Cottbus!,50
15.02.2016,Dresden,Sachsen,Freie Kameradschaft Dresden,Neonazis / Rechtsextremisten,sonstige,"Hausverbot für Flüchtlinge, schützt unsere Kinder, bevor wir es tun",30
17.02.2016,Gröditz,Sachsen,NPD - KV Meißen,NPD/JN,NPD,Ausländergewalt stoppen! Asylbetrüger abschieben! Heimat schützen!,160
18.02.2016,Sebnitz,Sachsen,NPD,NPD/JN,NPD,Unser Land – unsere Heimat – Asylchaos stoppen – Rechtsstaatlichkeit sichern,80
20.02.2016,Plattenburg,Brandenburg,"Freie Kräfte Neuruppin, Freie Kräfte Prignitz",Neonazis / Rechtsextremisten,sonstige,Mutmaßliche Straftaten durch Asylbewerber,100
20.02.2016,Apolda,Thüringen,Bürgerinitiative Wir lieben Ostthüringen,Neonazis / Rechtsextremisten,sonstige,Apolle bleibt unser Apolle – Gemeinsam gegen Überfremdung,520
22.02.2016,Pirmasens,Rheinland-Pfalz,NPD - KV Westpfalz,NPD/JN,NPD,Wir sind das Volk! NPD wieder in den Landtag,50
22.02.2016,Krayenberggemeinde,Thüringen,NPD - KV Wartburgkreis,NPD/JN,NPD,Es reicht! Keine Asylanten in die Regelschule,135
22.02.2016,Nordhausen,Thüringen,Volksbewegung Nordthüringen,Neonazis / Rechtsextremisten,sonstige,Gegen antideutsche Politik,110
23.02.2016,Pforzheim,Baden-Württemberg,,Neonazis / Rechtsextremisten,sonstige,Kundgebung anlässlich des 71. Jahrestages der Bombardierung der Stadt Pforzheim,90
25.02.2016,Berlin-Pankow,Berlin,NPD,NPD/JN,NPD,"Was die Politik nicht schafft, schaffen wir! Sicherheit durch Recht und Ordnung für Pankow!",20
27.02.2016,Erkelenz,Nordrhein-Westfalen,NPD - KV Mönchengladbach,NPD/JN,NPD,Bürger stehen auf,130
27.02.2016,Königshain-Wiederau,Sachsen,,Neonazis / Rechtsextremisten,sonstige,Königshain-Wiederau sagt Nein zum Flüchtlingslager,130
27.02.2016,Gera,Thüringen,Bürgerinitiative Wir lieben Gera,Neonazis / Rechtsextremisten,sonstige,Grenzen dicht! Ne Gersche Fettgusch bleibt ne Gersche Fettgusch,195
28.02.2016,Karlsruhe,Baden-Württemberg,DIE RECHTE - LV Baden Württemberg,Die Rechte,Die Rechte,Gegen linksextreme Gewalt,25
28.02.2016,Pforzheim,Baden-Württemberg,ARMINIUS-Bund,ARMINIUS-Bund,sonstige,Gegen Asylpolitik und Vergewaltigungen der deutschen Frauen. Grenze schließen – Einwanderung stoppen!,45
28.02.2016,Heilbad Heiligenstadt,Thüringen,Das Eichsfeld wehrt sich – Asylflut stoppen,Neonazis / Rechtsextremisten,sonstige,Ein Licht für Deutschland,75
28.02.2016,Neustadt,Thüringen,Das Eichsfeld wehrt sich – Asylflut stoppen,Neonazis / Rechtsextremisten,sonstige,Ein Licht für Deutschland,50
28.02.2016,Gößnitz,Thüringen,Bürgeroffensive Gößnitz,Neonazis / Rechtsextremisten,sonstige,Aktion Lichteln,75
28.02.2016,Am Ohmberg,Thüringen,Das Eichsfeld wehrt sich – Asylflut stoppen,Neonazis / Rechtsextremisten,sonstige,Ein Licht für Deutschland,50
29.02.2016,Schwarzenberg,Sachsen,Bündnis Freigeist,NPD/JN,NPD,Deitsch un frei!,40
29.02.2016,Berlin-Lichtenberg-Hohenschönhausen,Berlin,NPD - LV Berlin,NPD/JN,NPD,Das Boot ist voll – Asylbetrüger abschieben!,100
05.03.2016,Templin,Brandenburg,NPD - KV Barnim-Uckermark,NPD/JN,NPD,Asylflut stoppen – Das Boot ist voll,50
05.03.2016,Kaiserslautern,Rheinland-Pfalz,Der III. Weg,Der III. Weg,III. Weg,Asylflut stoppen,50
05.03.2016,Cottbus,Brandenburg,NPD - KV Lausitz,NPD/JN,NPD,Das Boot ist voll – Asylbetrüger abschieben!,45
05.03.2016,Homburg,Saarland,Nationaler Widerstand Zweibrücken,Neonazis / Rechtsextremisten,sonstige,Fahrt der Erinnerung,10
05.03.2016,Blieskastel,Saarland,Nationaler Widerstand Zweibrücken,Neonazis / Rechtsextremisten,sonstige,Fahrt der Erinnerung,10
05.03.2016,Zweibrücken,Rheinland-Pfalz,Nationaler Widerstand Zweibrücken,Neonazis / Rechtsextremisten,sonstige,Fahrt der Erinnerung,10
05.03.2016,Wittenberg,Sachsen-Anhalt,NPD - KV Wittenberg,NPD/JN,NPD,Mit Volldampf in den Landtag! Jetzt hilft nur noch NPD!,90
06.03.2016,Chemnitz,Sachsen,JN-Sachsen,NPD/JN,NPD,Vergissmeinnicht,140
06.03.2016,Gößnitz,Thüringen,Bürgeroffensive Gößnitz,Neonazis / Rechtsextremisten,sonstige,Asylpolitik,70
07.03.2016,Nordhausen,Thüringen,Volksbewegung Nordthüringen,Neonazis / Rechtsextremisten,sonstige,Gegen antideutsche Politik,55
11.03.2016,Altrip,Rheinland-Pfalz,Der III. Weg,Der III. Weg,III. Weg,Asylflut stoppen,50
12.03.2016,Templin,Brandenburg,Der III. Weg,Der III. Weg,III. Weg,Grenzen dicht – Asylflut stoppen,50
12.03.2016,Schweinfurt,Bayern,NPD - KV Schweinfurt/Haßberge,NPD/JN,NPD,Schweinfurt wehrt sich! Asylmissbrauch nein danke!,45
13.03.2016,Eilenburg,Sachsen,Unser Eilenburg,NPD/JN,NPD,Schluss mit dem Asylchaos!,150
13.03.2016,Am Ohmberg,Thüringen,Das Eichsfeld wehrt sich – Asylflut stoppen,Neonazis / Rechtsextremisten,sonstige,Ein Licht für Deutschland,20
13.03.2016,Heilbad Heiligenstadt,Thüringen,Das Eichsfeld wehrt sich – Asylflut stoppen,Neonazis / Rechtsextremisten,sonstige,Ein Licht für Deutschland,45
13.03.2016,Neustadt,Thüringen,Das Eichsfeld wehrt sich – Asylflut stoppen,Neonazis / Rechtsextremisten,sonstige,Ein Licht für Deutschland,20
13.03.2016,Gößnitz,Thüringen,Bürgeroffensive Gößnitz,Neonazis / Rechtsextremisten,sonstige,Asylpolitik,60
14.03.2016,Zweibrücken,Rheinland-Pfalz,Kameradschaft Nationaler Widerstand Zweibrücken,Neonazis / Rechtsextremisten,sonstige,Fackelmarsch in Gedenken an die Bombardierung der Stadt Zweibrücken am 14.03.1945 – KEIN VERGEBEN – KEIN VERGESSEN,30
15.03.2016,Bad Salzungen,Thüringen,NPD - LV Thüringen,NPD/JN,NPD,Kein Containerdorf in Bad Salzungen!,70
15.03.2016,Böhlen,Thüringen,NPD - KV Erfurt,NPD/JN,NPD,Gegen Asylbetrug,30
16.03.2016,Moritzburg,Sachsen,NPD - KV Dresden,NPD/JN,NPD,Erster Moritzburger Bürgerprotest gegen Asylmissbrauch,90
17.03.2016,Sondershausen,Thüringen,NPD - LV Thüringen,NPD/JN,NPD,Sondershausen steht auf! Merkel muss weg! Asylflut stoppen!,45
19.03.2016,Brieskow-Finkenheerd,Brandenburg,Einzelperson (Stützpunktleiter der Europäischen Aktion),Neonazis / Rechtsextremisten,sonstige,Finkenheerd sagt Nein,30
19.03.2016,Bruchsal,Baden-Württemberg,DIE RECHTE - LV Baden Württemberg,Die Rechte,Die Rechte,Tag der Heimattreue,120
19.03.2016,Arnbruck,Bayern,Der III. Weg,Der III. Weg,III. Weg,Asylflut stoppen auch im Zellertal!,40
19.03.2016,Nürnberg,Bayern,DIE RECHTE - KV Nürnberg,Die Rechte,Die Rechte,Für ein Verbot von SPD und Grünen – jetzt!,20
19.03.2016,Bad Lauchstädt,Sachsen-Anhalt,,Neonazis / Rechtsextremisten,sonstige,Gesicht zeigen gegen Asylmissbrauch,80
19.03.2016,Dessau,Sachsen-Anhalt,Freie Nationalisten Dessau-Bitterfeld,Neonazis / Rechtsextremisten,sonstige,Gegen das Vergessen – Zum Gedenken der Opfer von Dessau,100
19.03.2016,Eisenach,Thüringen,NPD - KV Wartburgkreis,NPD/JN,NPD,Massenzuwanderung stoppen! Wir sind das Volk!,85
22.03.2016,Meiningen,Thüringen,NPD - LV Thüringen,NPD/JN,NPD,Merkel muss weg – Asylflut stoppen!,60
24.03.2016,Nordhausen,Thüringen,NPD - LV Thüringen,NPD/JN,NPD,Merkel muss weg – Asylflut stoppen!,70
26.03.2016,Bautzen,Sachsen,Bautzen steht auf,NPD/JN,NPD,Vereint sind wir stark,90
26.03.2016,Erfurt,Thüringen,DIE RECHTE - KV MittelThüringen,Die Rechte,Die Rechte,Tradition verpflichtet – Kapitalismus zerschlagen,20
26.03.2016,Gera,Thüringen,Bürgerinitiative Wir lieben Ostthüringen,Neonazis / Rechtsextremisten,sonstige,Konsequente Rückführung statt kontrollierte Einwanderung,100
26.03.2016,Weimar,Thüringen,DIE RECHTE - KV MittelThüringen,Die Rechte,Die Rechte,Tradition verpflichtet – Kapitalismus zerschlagen,25
26.03.2016,Merseburg,Sachsen-Anhalt,,Neonazis / Rechtsextremisten,sonstige,Mitwirkung der Bürger an der öffentlichen Meinung zur Flüchtlingspolitik,60
29.03.2016,Sömmerda,Thüringen,NPD - LV Thüringen,NPD/JN,NPD,Merkel muss weg – Asylflut stoppen!,25
31.03.2016,Heilbad Heiligenstadt,Thüringen,NPD - LV Thüringen,NPD/JN,NPD,Merkel muss weg – Asylflut stoppen!,75
02.04.2016,Beeskow,Brandenburg,Beeskow wehrt sich,Neonazis / Rechtsextremisten,sonstige,Stopp dem Asylwahn,60
02.04.2016,Berlin-Marzahn-Hellersdorf,Berlin,Nein zum Heim Marzahn-Hellersdorf,NPD/JN,NPD,Sicherheit statt Angst,200
02.04.2016,Gotha,Thüringen,"NPD - LV Thüringen, Bündnis Zukunft Landkreis Gotha",NPD/JN,NPD,Merkel muss weg – Asylflut stoppen!,140
03.04.2016,Heilbad Heiligenstadt,Thüringen,NPD - KV Eichsfeld,NPD/JN,NPD,Ein Licht für Deutschland,60
03.04.2016,Nordhausen,Thüringen,Volksbewegung Nordthüringen,Neonazis / Rechtsextremisten,sonstige,Die Toten mahnen uns,50
04.04.2016,Schwerin,Mecklenburg-Vorpommern,Deutschland wehrt sich,Neonazis / Rechtsextremisten,sonstige,Gemeinsam für die Heimat,80
04.04.2016,Leipzig,Sachsen,"Wir lieben Sachsen, THÜGIDA",Neonazis / Rechtsextremisten,sonstige,Gemeinsam gegen imperialistische Kriegstreiber der Nato und USA!,50
06.04.2016,Dippoldiswalde,Sachsen,Nein zum Heim – Sächsische Schweiz und Osterzgebirge,NPD/JN,NPD,Tradition statt Invasion,60
08.04.2016,Pößneck,Thüringen,,Neonazis / Rechtsextremisten,sonstige,Unangemeldete Versammlung (Gedenkmarsch bzgl. Alliierte Kriegsverbrechen),45
09.04.2016,Beelitz,Brandenburg,Der III. Weg,Der III. Weg,III. Weg,"Asylflut stoppen, gleichzeitig Werbung für die antikapitalistische 1. Mai Demo in Plauen",20
09.04.2016,Brück,Brandenburg,Der III. Weg,Der III. Weg,III. Weg,"Asylflut stoppen, gleichzeitig Werbung für die antikapitalistische 1. Mai Demo in Plauen",20
09.04.2016,Nürnberg,Bayern,DIE RECHTE - KV Nürnberg,Die Rechte,Die Rechte,Fluchtursachen bekämpfen – Flüchtlingsströme stoppen,20
09.04.2016,Deggendorf,Bayern,Der III. Weg,Der III. Weg,III. Weg,Kapitalismus zerschlagen – für einen deutschen Sozialismus,20
09.04.2016,Ingolstadt,Bayern,Der III. Weg,Der III. Weg,III. Weg,Kapitalismus zerschlagen – für einen deutschen Sozialismus,80
09.04.2016,München,Bayern,Der III. Weg,Der III. Weg,III. Weg,Kapitalismus zerschlagen – für einen deutschen Sozialismus,20
09.04.2016,Nürnberg,Bayern,Der III. Weg,Der III. Weg,III. Weg,Kapitalismus zerschlagen – für einen deutschen Sozialismus,30
09.04.2016,Pfaffenhofen,Bayern,Der III. Weg,Der III. Weg,III. Weg,Kapitalismus zerschlagen – für einen deutschen Sozialismus,20
09.04.2016,Aue,Sachsen,Bündnis Freigeist,NPD/JN,NPD,Mit Einigkeit zu Recht und Freiheit (1. Auer Sternmarsch),600
09.04.2016,Reichenbach im Vogtland,Sachsen,Der III. Weg - Stützpunkt Vogtland,Der III. Weg,III. Weg,Asylflut stoppen,20
09.04.2016,Magdeburg,Sachsen-Anhalt,Gemeinsam stark Deutschland,Neonazis / Rechtsextremisten,sonstige,Gegen Asylbetrug und linke Gewalt,710
09.04.2016,Greiz,Thüringen,Der III. Weg,Der III. Weg,III. Weg,Asylflut stoppen,30
09.04.2016,Eisenberg,Thüringen,Der III. Weg,Der III. Weg,III. Weg,Asylflut stoppen,50
10.04.2016,Borna,Sachsen,JN,NPD/JN,NPD,Das Leipziger Land steht auf!,100
14.04.2016,Sebnitz,Sachsen,Demokratischer Aufbruch Sächsische Schweiz,NPD/JN,NPD,Unser Land – Unsere Heimat – Asylchaos stoppen – Rechtsstaatlichkeit sichern,70
15.04.2016,Viechtach,Bayern,Der III. Weg,Der III. Weg,III. Weg,Asylflut stoppen,20
15.04.2016,Dortmund,Nordrhein-Westfalen,DIE RECHTE - KV Dortmund,Die Rechte,Die Rechte,Heraus zum TddZ!,50
16.04.2016,Bad Oldesloe,Schleswig-Holstein,"Freie Kräfte, NPD",NPD/JN,NPD,Gemeinsam für Deutschland – Volkswillen umsetzen,100
17.04.2016,Heilbad Heiligenstadt,Thüringen,Das Eichsfeld wehrt sich – Asylflut stoppen,Neonazis / Rechtsextremisten,sonstige,Ein Licht für Deutschland,35
18.04.2016,Kahla,Thüringen,Der III. Weg,Der III. Weg,III. Weg,Verfassungsschutz abschalten! Ausländergewalt benennen!,50
20.04.2016,Nauen,Brandenburg,NPD - KV Neuruppin,NPD/JN,NPD,Bombardierung der Stadt am 20.04.1945,25
22.04.2016,Bautzen-Niederkaina,Sachsen,,Neonazis / Rechtsextremisten,sonstige,Gedenkveranstaltung mit Fackelmarsch,80
23.04.2016,Sinsheim,Baden-Württemberg,Freie Nationalisten Kraichgau,NPD/JN,NPD,7. Mahnwache gegen Kinderschänder,60
23.04.2016,Bad Kissingen,Bayern,Franken wehrt sich,Neonazis / Rechtsextremisten,sonstige,Bad Kissingen wehrt sich – Für die Zukunft unserer Kinder,50
23.04.2016,"Kundgebungsreihe an verschiedenen Orten (Harsewinkel, Bielefeld-Jöllenbeck, Herford, Halle/Westfalen)",Nordrhein-Westfalen,"Unser OWL (Bündnis aus DIE RECHTE - KV OWL, NPD - KV OWL, Freie Nationalisten Gü-tersloh)",Neonazis / Rechtsextremisten,sonstige,Masseneinwanderung und Asylmissbrauch stoppen!,20
23.04.2016,Neumünster,Schleswig-Holstein,Neumünster wehrt sich,NPD/JN,NPD,Neumünster wehrt sich,40
23.04.2016,Weißenfels,Sachsen-Anhalt,Aktionsgruppe Weißenfels,Neonazis / Rechtsextremisten,sonstige,Anti-Asyl,50
25.04.2016,Apolda,Thüringen,Bürgerinitiative Apolda,Neonazis / Rechtsextremisten,sonstige,Dem Wahnsinn ein Ende – Zeit zu handeln!,250
28.04.2016,Sebnitz,Sachsen,Demokratischer Aufbruch Sächsische Schweiz,NPD/JN,NPD,Unser Land – Unsere Heimat – Asylchaos stoppen – Rechtsstaatlichkeit stoppen,170
30.04.2016,Müncheberg,Brandenburg,Erkner wehrt sich,NPD/JN,NPD,Für Mitbestimmung und Meinungsfreiheit! Heute Tolerant und Morgen fremd im eigenen Land!,20
30.04.2016,Erkner,Brandenburg,Erkner wehrt sich,NPD/JN,NPD,Für Mitbestimmung und Meinungsfreiheit! Heute Tolerant und Morgen fremd im eigenen Land!,20
30.04.2016,Frechen,Nordrhein-Westfalen,DIE RECHTE - KV Rhein-Erft,Die Rechte,Die Rechte,Auf zum Tag der deutschen Zukunft – Unser Signal gegen Überfremdung,20
01.05.2016,Berlin,Berlin,NPD - LV Berlin,NPD/JN,NPD,Asylflut stoppen! Soziale Absicherung für das eigene Volk!,155
01.05.2016,Schwerin,Mecklenburg-Vorpommern,NPD - LV Mecklenburg-Vorpommern,NPD/JN,NPD,Für Volk und Heimat – Tradition verpflichtet,450
01.05.2016,Bochum,Nordrhein-Westfalen,NPD - LV Nordrhein-Westfalen,NPD/JN,NPD,"Wir arbeiten, Fremde kassieren! Asylmißbrauch stoppen!",180
01.05.2016,Döbeln,Sachsen,JN,NPD/JN,NPD,Grenzen dicht! Migranten sind die Armee des Kapitals!,30
01.05.2016,Grimma,Sachsen,JN,NPD/JN,NPD,Grenzen dicht! Migranten sind die Armee des Kapitals!,30
01.05.2016,Plauen,Sachsen,Nationales und soziales Aktionsbündnis 1. Mai,Der III. Weg,III. Weg,Kapitalismus zerschlagen – Für einen Deutschen Sozialismus,900
01.05.2016,Wurzen,Sachsen,"NPD - LV Sachsen, JN Sachsen",NPD/JN,NPD,Grenzen dicht! Migranten sind die Armee des Kapitals!,105
01.05.2016,Erfurt,Thüringen,DIE RECHTE,Die Rechte,Die Rechte,Tradition verpflichtet – Kapitalismus zerschlagen – Heraus zum 1. Mai,265
07.05.2016,Kloster Veßra,Thüringen,,Neonazis / Rechtsextremisten,sonstige,Gegen Gutmenschenterror – für Meinungsfreiheit und Demokratie,500
08.05.2016,Demmin,Mecklenburg-Vorpommern,NPD - KV Mecklenburgische Seenplatte,NPD/JN,NPD,"Kein Grund zum Feiern. Vergessen wir Tod, Leid und Besatzung nicht",230
08.05.2016,Hildburghausen,Thüringen,Bündnis Zukunft Hildburghausen,Neonazis / Rechtsextremisten,sonstige,Kommunisten entgegentreten – Kommunismus ist keine Meinung sondern ein Verbrechen,60
14.05.2016,Hoyerswerda,Sachsen,Deutschland muss leben,Neonazis / Rechtsextremisten,sonstige,Für unsere Kinder,60
14.05.2016,Hildburghausen,Thüringen,Bündnis Zukunft Hildburghausen,Neonazis / Rechtsextremisten,sonstige,Südthüringen bleibt deutsch,40
19.05.2016,Sebnitz,Sachsen,Demokratischer Aufbruch Sächsische Schweiz,NPD/JN,NPD,Festung Europa – Fortress Europe,40
21.05.2016,Neumünster,Schleswig-Holstein,Neumünster wehrt sich,NPD/JN,NPD,Neumünster wehrt sich,30
21.05.2016,Querfurt,Sachsen-Anhalt,,Neonazis / Rechtsextremisten,sonstige,Gesicht zeigen gegen Asylmissbrauch,130
28.05.2016,Hamm,Nordrhein-Westfalen,DIE RECHTE - KV Hamm,Die Rechte,Die Rechte,Heraus zum Tag der deutschen Zukunft!,60
28.05.2016,Halle (Saale),Sachsen-Anhalt,Brigade Halle,Neonazis / Rechtsextremisten,sonstige,Gegen Asylmissbrauch,500
28.05.2016,Leinefelde,Thüringen,NPD - KV Eichsfeld,NPD/JN,NPD,Asylflut stoppen – der Überfremdung Grenzen setzen,290
04.06.2016,Dortmund,Nordrhein-Westfalen,DIE RECHTE - KV Dortmund,Die Rechte,Die Rechte,8. Tag der deutschen Zukunft – Unser Signal gegen Überfremdung,900
04.06.2016,Erfurt,Thüringen,Patriotische Europäer sagen Nein (PEsN),Neonazis / Rechtsextremisten,sonstige,Stoppt die Kriegstreiber Amerika und Türkei! Stoppt die Zerstörung Europas! Für die Abschaffung der GEZ! Für ein souveränes Deutschland! Für die Schließung der Grenzen! Für Frieden in Europa!,130
05.06.2016,Pasewalk,Mecklenburg-Vorpommern,NPD - LV Mecklenburg-Vorpommern,NPD/JN,NPD,Aufwachen – Wir sind das Volk! Asylbetrug stoppen!,100
09.06.2016,Dresden,Sachsen,NPD - LV Sachsen,NPD/JN,NPD,Protest gegen Bilderberger-Konferenz,80
11.06.2016,Teisnach,Bayern,Der III. Weg,Der III. Weg,III. Weg,Heimat bewahren Asylflut stoppen,30
11.06.2016,Sömmerda,Thüringen,NPD - KV Sömmerda,NPD/JN,NPD,Thüringentag der Nationalen Jugend,120
12.06.2016,Tuttlingen,Baden-Württemberg,NPD - LV Baden-Württemberg,NPD/JN,NPD,1. Tuttlinger Nachmittagsspaziergang gegen Asylmissbrauch und Islamischen Terror in Europa,20
12.06.2016,Heilbad Heiligenstadt,Thüringen,Das Eichsfeld wehrt sich – Asylflut stoppen,Neonazis / Rechtsextremisten,sonstige,Ein Licht für Deutschland,30
17.06.2016,Dresden,Sachsen,NPD - KV Dresden,NPD/JN,NPD,Jahrestag des 17. Juni 1953,30
18.06.2016,Kloster Veßra,Thüringen,Bündnis Zukunft Hildburghausen,Neonazis / Rechtsextremisten,sonstige,Gegen Gutmenschenterror,45
25.06.2016,Freital,Sachsen,,Neonazis / Rechtsextremisten,sonstige,Zustimmung zur Schließung des Asylhotels Leonardo,75
25.06.2016,Halle (Saale),Sachsen-Anhalt,Brigade Halle,Neonazis / Rechtsextremisten,sonstige,"Klagt nicht, Kämpft!",85
26.06.2016,Linnich,Nordrhein-Westfalen,Bürger stehen auf!,NPD/JN,NPD,"Ihr lügt, wir handeln – Jetzt erst recht!",60
02.07.2016,Artern,Thüringen,,Neonazis / Rechtsextremisten,sonstige,Gesicht zeigen gegen Asylmissbrauch,60
02.07.2016,Guben,Brandenburg,Guben wehrt sich,Neonazis / Rechtsextremisten,sonstige,Guben wehrt sich – Nein zum Asylbewerberheim,25
02.07.2016,Zirndorf,Bayern,Franken wehrt sich,Neonazis / Rechtsextremisten,sonstige,Zirndorf sagt Nein zum Heim – Bürgerdialog jetzt!,25
03.07.2016,Crimmitschau,Sachsen,Wir lieben Sachsen / THÜGIDA,Neonazis / Rechtsextremisten,sonstige,Crimmitschauer Spaziergang,60
03.07.2016,Heilbad Heiligenstadt,Thüringen,Das Eichsfeld wehrt sich – Asylflut stoppen,Neonazis / Rechtsextremisten,sonstige,Ein Licht für Deutschland,30
05.07.2016,Eisenach,Thüringen,NPD - LV Thüringen,NPD/JN,NPD,Nein zu Halal und Islamisierung – Eisenach bleibt deutsch,25
08.07.2016,Dortmund,Nordrhein-Westfalen,DIE RECHTE - KV Dortmund,Die Rechte,Die Rechte,Wir sind das Pack – Gegen den Besuch von Sigmar Gabriel!,40
09.07.2016,Spremberg,Brandenburg,NPD - KV Lausitz,NPD/JN,NPD,Nein zum Heim in Spremberg,40
12.07.2016,Eisenach,Thüringen,NPD - LV Thüringen,NPD/JN,NPD,Sicherheit für unsere Schüler – keine westdeutschen Zustände an unseren Schulen,25
14.07.2016,Eisenach,Thüringen,NPD - LV Thüringen,NPD/JN,NPD,Eisenach bleibt deutsch – Gegen die Besetzung unserer Stadt,30
16.07.2016,Waren,Mecklenburg-Vorpommern,Deutschland muss leben e. V.,Neonazis / Rechtsextremisten,sonstige,Gegen den linken Terror!,100
16.07.2016,Sondershausen,Thüringen,NPD - KV Kyffhäuserkreis,NPD/JN,NPD,Für eine lebenswerte Zukunft – Nein zur Überfremdung unserer Heimat,420
17.07.2016,Bad Kösen,Sachsen-Anhalt,,Neonazis / Rechtsextremisten,sonstige,Gedenkveranstaltung für die Rathenau-Attentäter Fischer und Kern,20
23.07.2016,Göppingen,Baden-Württemberg,Der III. Weg,Der III. Weg,III. Weg,Gegen anhaltende Asylflut und Überfremdung – Asylflut stoppen,50
23.07.2016,Würzburg,Bayern,NPD - LV Bayern,NPD/JN,NPD,Einwanderung ist tödlich – Der Islam gehört nicht zu Deutschland,20
23.07.2016,Schwerin,Mecklenburg-Vorpommern,Deutschland wehrt sich,Neonazis / Rechtsextremisten,sonstige,Wir für München,25
25.07.2016,Reutlingen,Baden-Württemberg,Der III. Weg - Stützpunkt Württemberg,Der III. Weg,III. Weg,Eilversammlung als Reaktion auf einen Machetenangriff eines syrischen Flüchtlings,20
25.07.2016,Ansbach,Bayern,Der III. Weg - Stützpunkt Nürnberg/Fürth,Der III. Weg,III. Weg,Spontanversammlung statt nach islamistischem Attentat,70
26.07.2016,Plauen,Sachsen,Der III. Weg - Stützpunkt Vogtland,Der III. Weg,III. Weg,Multikulti tötet – Ausländerterror stoppen,20
30.07.2016,Deggendorf,Bayern,Der III. Weg,Der III. Weg,III. Weg,Härtere Strafen für Kinderschänder,20
31.07.2016,Köln,Nordrhein-Westfalen,pro NRW,pro NRW,sonstige,Keine Huldigung für Erdogan in Deutschland. Stoppt den islamistischen Autokraten vom Bosporus,330
04.08.2016,Berlin Treptow-Köpenick,Berlin,NPD - LV Berlin,NPD/JN,NPD,Asylbetrug macht uns arm,25
04.08.2016,München,Bayern,NPD - LV Bayern,NPD/JN,NPD,Grenzen dicht – jetzt sofort! IS-Terroristen raus aus Deutschland,20
04.08.2016,Schkeuditz,Sachsen,Wir lieben Sachsen / THÜGIDA,Neonazis / Rechtsextremisten,sonstige,Merkel’s Asyltraum ist geplatzt!!!,30
05.08.2016,Saarbrücken,Saarland,"NPD-OV Burbach, Bürgerinitiative Bündnis Saar",NPD/JN,NPD,Anti-Asyl-Kundgebung,25
06.08.2016,Viechtach,Bayern,Der III. Weg - Stützpunkt Ostbayern,Der III. Weg,III. Weg,Multikulti tötet! – Ausländerterror stoppen!,50
06.08.2016,Löbau,Sachsen,Wir lieben Sachsen / THÜGIDA,Neonazis / Rechtsextremisten,sonstige,Soziale Gerechtigkeit Demokratie Frieden,65
09.08.2016,Arnbruck,Bayern,Der III. Weg - Stützpunkt Ostbayern,Der III. Weg,III. Weg,Es reicht: Asylflut stoppen! Kriminelle Ausländer raus!,20
12.08.2016,Dortmund-Eving,Nordrhein-Westfalen,DIE RECHTE - KV Dortmund,Die Rechte,Die Rechte,Asylheim – Nein danke!,55
13.08.2016,Göttingen,Niedersachsen,Freundeskreis Thüringen / Niedersachsen,NPD/JN,NPD,Bürgerwut in den Kreistag,50
20.08.2016,Einbeck,Niedersachsen,Freundeskreis Thüringen / Niedersachsen,NPD/JN,NPD,Bürgerwut in den Kreistag,30
20.08.2016,Dortmund,Nordrhein-Westfalen,DIE RECHTE - KV Dortmund,Die Rechte,Die Rechte,Gegen die linksextreme Demonstration in Dorstfeld,30
20.08.2016,Magdeburg,Sachsen-Anhalt,DIE RECHTE - KV Magdeburg / Jerichower Land,Die Rechte,Die Rechte,Gehört der Islam zu Deutschland?,30
23.08.2016,Dortmund,Nordrhein-Westfalen,DIE RECHTE - KV Dortmund,Die Rechte,Die Rechte,"Weg mit dem NWDO-Verbot! Weg mit allen Vereins-, Versammlungs- und Meinungsverboten! Mehr Demokratie wagen!",110
27.08.2016,Duisburg-Neumühl,Nordrhein-Westfalen,NPD-Ratsgruppe Bürger für Duisburg,NPD/JN,NPD,Sicher leben – Asylflut stoppen! Unsere Kinder sind kein Freiwild!,80
28.08.2016,Sondershausen,Thüringen,,Neonazis / Rechtsextremisten,sonstige,Mahnwache für den Frieden,20
02.09.2016,Dortmund,Nordrhein-Westfalen,DIE RECHTE,Die Rechte,Die Rechte,Gegen die Ghettoisierung des Stadtteils,70
03.09.2016,Nebra,Sachsen-Anhalt,Gesicht zeigen gegen Asylmissbrauch,Neonazis / Rechtsextremisten,sonstige,Gesicht zeigen gegen Asylmissbrauch,40
04.09.2016,Köln,Nordrhein-Westfalen,pro NRW,pro NRW,sonstige,Artikel 8 GG schützen – staatlich verordnete Polizeiwillkür stoppen! Kein Fußbreit der opportunistischen Pro-Erdogan-Politik in NRW!,65
10.09.2016,Stade,Niedersachsen,NPD - LV Niedersachsen,NPD/JN,NPD,Gemeinsam für Deutschland – Volkswille durchsetzen,65
10.09.2016,Hermsdorf,Thüringen,Wir lieben den Saale-Holzland-Kreis,Neonazis / Rechtsextremisten,sonstige,Gemeinsam für die Zukunft unserer Kinder,65
11.09.2016,"Kundgebungsreihe an drei Orten (Bamberg, Würzburg und Schweinfurt)",Bayern,Der III. Weg,Der III. Weg,III. Weg,Flüchtlinge damals und heute – im Gedenken an unsere Heimatvertriebenen,20
11.09.2016,Thale,Sachsen-Anhalt,,Neonazis / Rechtsextremisten,sonstige,Fremde Täter Deutsche Opfer,50
15.09.2016,Bad Marienberg,Rheinland-Pfalz,Der III. Weg - Stützpunkt Westerwald / Taunus,Der III. Weg,III. Weg,",,Asylflut & Ausländerterror stoppen",35
16.09.2016,Eisenach-Stregda,Thüringen,,Neonazis / Rechtsextremisten,sonstige,Deutsche wehrt euch – Lasst euch nicht vertreiben,60
17.09.2016,München,Bayern,Der III. Weg - Stützpunkt München / Oberbayern,Der III. Weg,III. Weg,Asylflut stoppen – Erpressercamp auflösen!,30
17.09.2016,Köthen,Sachsen-Anhalt,,Neonazis / Rechtsextremisten,sonstige,Gegen kriminelle Ausländer und Solidarität mit dem Opfer,50
17.09.2016,"Kundgebungsreihe an zwei Orten (Erfurt, Weimar)",Thüringen,DIE RECHTE - LV Thüringen,Die Rechte,Die Rechte,HEIMAT erhalten – FAMILIEN fördern – ZUKUNFT gestalten,20
18.09.2016,Halle (Saale),Sachsen-Anhalt,,Neonazis / Rechtsextremisten,sonstige,Südpark – Das abgeschriebene Viertel,200
24.09.2016,"Kundgebungsreihe an zwei Orten (Suhl, Meiningen)",Thüringen,DIE RECHTE - LV Thüringen,Die Rechte,Die Rechte,HEIMAT erhalten – FAMILIEN fördern – ZUKUNFT gestalten,20
25.09.2016,Landshut,Bayern,Der III. Weg - Stützpunkt Ostbayern,Der III. Weg,III. Weg,Härtere Strafen für Kinderschänder,25
01.10.2016,Waren,Mecklenburg-Vorpommern,Deutschland muss leben e.V.,Neonazis / Rechtsextremisten,sonstige,Heimat und Tradition bewahren,70
01.10.2016,Gotha,Thüringen,Bündnis Zukunft Landkreis Gotha,Neonazis / Rechtsextremisten,sonstige,Gegen linke Gewalt,90
02.10.2016,Weimar,Thüringen,DIE RECHTE - KV Mittelthüringen,Die Rechte,Die Rechte,Reconquista oder Untergang – Gemeinsam gegen linke Gewalt,125
03.10.2016,Bad Freienwalde,Brandenburg,"NPD, DIE RECHTE - KV Märkisch-Oderland",NPD/JN,NPD,Bad Freienwalde wehrt sich gegen Ausländergewalt,55
03.10.2016,Dresden,Sachsen,Freie Kameradschaft Dresden,Neonazis / Rechtsextremisten,sonstige,Dresden vereint Deutschland,80
07.10.2016,Wetzlar,Hessen,NPD - KV Lahn-Dill,NPD/JN,NPD,Wir glauben an unsere Jugend! Die anderen an Zuwanderung!,80
07.10.2016,Bautzen,Sachsen,,Neonazis / Rechtsextremisten,sonstige,Keinen Linksfaschismus in Bautzen,360
07.10.2016,Suhl,Thüringen,Bündnis Zukunft Hildburghausen,Neonazis / Rechtsextremisten,sonstige,Südthüringen bleibt deutsch,20
08.10.2016,Dortmund,Nordrhein-Westfalen,HOGESA,Neonazis / Rechtsextremisten,sonstige,Schicht im Schacht – gemeinsam gegen den Terror,600
08.10.2016,Dresden,Sachsen,Wir lieben Sachsen / THÜGIDA,Neonazis / Rechtsextremisten,sonstige,Wir lieben Sachsen/THÜGIDA zu Gast bei Freunden – Gemeinsam für unser Land,60
08.10.2016,Dessau-Roßlau,Sachsen-Anhalt,,Neonazis / Rechtsextremisten,sonstige,Gegen linke Gewalt,150
15.10.2016,Cottbus,Brandenburg,Patrioten Cottbus,Neonazis / Rechtsextremisten,sonstige,Cottbus wehrt sich gegen Asylmissbrauch,30
15.10.2016,Fürth,Bayern,Der III. Weg,Der III. Weg,III. Weg,Gegen Asylmissbrauch!,110
15.10.2016,Neumünster,Schleswig-Holstein,NPD - LV Schleswig-Holstein,NPD/JN,NPD,Gemeinsam für unser Deutschland – Volkswillen umsetzen,50
15.10.2016,Eilenburg,Sachsen,Unser Eilenburg,Neonazis / Rechtsextremisten,sonstige,Demonstration gegen islamistischen Terror,30
20.10.2016,Hachenburg,Rheinland-Pfalz,Der III. Weg,Der III. Weg,III. Weg,Überfremdung stoppen – Nein zur Moschee in Hachenburg,40
21.10.2016,Eisenach-Stregda,Thüringen,,NPD/JN,NPD,Deutsche lasst euch nicht vertreiben!,20
22.10.2016,Neumünster,Schleswig-Holstein,NPD - LV Schleswig-Holstein,NPD/JN,NPD,Gemeinsam für Deutschland,45
22.10.2016,Magdeburg,Sachsen-Anhalt,Brigade Magdeburg,Neonazis / Rechtsextremisten,sonstige,Deutsche Opfer – Fremde Täter,80
29.10.2016,Wuppertal,Nordrhein-Westfalen,DIE RECHTE - KV Wuppertal,Die Rechte,Die Rechte,Schluss mit dem Asylwahnsinn – kein neues Asylheim in Ronsdorf,40
05.11.2016,Magdeburg,Sachsen-Anhalt,DIE RECHTE - LV Sachsen-Anhalt,Die Rechte,Die Rechte,"Gemeinsam für Frieden, Freiheit und Souveränität",160
06.11.2016,Crimmitschau,Sachsen,Wir lieben Sachsen / THÜGIDA,Neonazis / Rechtsextremisten,sonstige,Crimmitschauer Spaziergang,30
06.11.2016,Heilbad Heiligenstadt,Thüringen,Das Eichsfeld wehrt sich – Asylflut stoppen,Neonazis / Rechtsextremisten,sonstige,Ein Licht für Deutschland,40
09.11.2016,Halle,Sachsen-Anhalt,,Neonazis / Rechtsextremisten,sonstige,Tag des Mauerfalls,80
12.11.2016,Wunsiedel,Bayern,Der III. Weg,Der III. Weg,III. Weg,"Tot sind nur jene, die vergessen werden",250
12.11.2016,Schleusingen,Thüringen,Bündnis Zukunft Hildburghausen,Neonazis / Rechtsextremisten,sonstige,70 Jahre Lüge und Verrat – Ruhm und Ehre dem deutschen Soldat,120
12.11.2016,Remagen,Rheinland-Pfalz,,Neonazis / Rechtsextremisten,sonstige,Gedenkmarsch für die Toten in den alliierten Rheinwiesenlagern,200
12.11.2016,Waren,Mecklenburg-Vorpommern,"Nationale Sozialisten Waren, Aktionsgruppe MuP",Neonazis / Rechtsextremisten,sonstige,"Heldengedenken 2016 – Tot sind nur jene, die vergessen werden",25
13.11.2016,Bautzen,Sachsen,,Neonazis / Rechtsextremisten,sonstige,Heldengedenken 2016,80
13.11.2016,Eisenach,Thüringen,NPD - LV Thüringen,NPD/JN,NPD,Und ihr habt doch nicht gesiegt – Heldengedenken,20
13.11.2016,Friedrichroda,Thüringen,Bündnis Zukunft Landkreis Gotha,Neonazis / Rechtsextremisten,sonstige,Heldengedenken,85
13.11.2016,Gera,Thüringen,NPD - LV Thüringen,NPD/JN,NPD,Andenken verpflichtet,20
17.11.2016,Hachenburg,Rheinland-Pfalz,Der III. Weg,Der III. Weg,III. Weg,Überfremdung stoppen – Nein zur Moschee in Hachenburg,35
17.11.2016,Saarbrücken,Saarland,Saarländer gegen Salafisten,NPD/JN,NPD,Merkel muss weg! Nieder mit der Roten Königin,30
18.11.2016,Dortmund,Nordrhein-Westfalen,DIE RECHTE - LV Nordrhein-Westfalen,Die Rechte,Die Rechte,Gegen Pressehetze und staatliche Schikanen in Dorstfeld! Für Polizeiarbeit in wirklichen Brennpunkten – für den Rücktritt von Ralf Jäger und Gregor Lange,100
19.11.2016,Nienburg/ Weser,Niedersachsen,Freundeskreis Thüringen / Niedersachsen,Neonazis / Rechtsextremisten,sonstige,Deutschland muss leben – Familie – Heimat – Zukunft,45
20.11.2016,Mönchengladbach,Nordrhein-Westfalen,NPD - KV Mönchengladbach,NPD/JN,NPD,Wir sind auch Deutschland,100
03.12.2016,Güstrow,Mecklenburg-Vorpommern,Kameradschaft Güstrow,Neonazis / Rechtsextremisten,sonstige,Asylantenstadt Güstrow? Nicht mit uns!,70
14.12.2016,Hachenburg,Rheinland-Pfalz,Der III. Weg,Der III. Weg,III. Weg,Überfremdung stoppen – Nein zur Moschee in Hachenburg,20
21.12.2016,Berlin-Charlottenburg,Berlin,NPD - LV Berlin,NPD/JN,NPD,Grenzen dicht machen – An Merkels Händen klebt Blut!,150
21.12.2016,Rastatt,Baden-Württemberg,DIE RECHTE - LV Baden-Württemberg,Die Rechte,Die Rechte,Gemeinsam unsere Heimat beschützen – Gegen islamistischen Terror,20
22.12.2016,Saarbrücken,Saarland,"NPD - KV Burbach / Saarbrücke-West, Bürgerinitiative Bündnis Saar",NPD/JN,NPD,Wir gedenken den Opfern von Berlin – Merkel muss weg! Schluß mit islamistischen Terror!,25
24.12.2016,Dortmund,Nordrhein-Westfalen,DIE RECHTE - LV Nordrhein-Westfalen,Die Rechte,Die Rechte,Gegen Pressehetze und staatliche Schikanen in Dorstfeld! Für Polizeiarbeit in wirklichen Brennpunkten – für den Rücktritt von Ralf Jäger und Gregor Lange,60
27.12.2016,Ludwigshafen,Rheinland-Pfalz,Der III. Weg,Neonazis / Rechtsextremisten,sonstige,Gegen Terror in Deutschland,60
13.01.2017,Cottbus,Brandenburg,,Neonazis / Rechtsextremisten,sonstige,Verteidigt Cottbus,100
14.01.2017,Karlsruhe,Baden-Württemberg,Karlsruhe wehrt sich,Neonazis / Rechtsextremisten,sonstige,,63
14.01.2017,Köln,Nordrhein-Westfalen,Initiative Köln gegen deutschen Sozialismus,Neonazis / Rechtsextremisten,sonstige,Keine Gewalt gegen Deutsche,141
16.01.2017,Magdeburg,Sachsen-Anhalt,Brigade Magdeburg,Neonazis / Rechtsextremisten,sonstige,"Fackelmarsch, Magdeburg gedenkt",40
18.01.2017,Siegen,Nordrhein-Westfalen,Der III. Weg,Der III. Weg,III. Weg,Asylflut & Ausländerterror stoppen,25
28.01.2017,Nienburg,Niedersachsen,DIE RECHTE - LV Niedersachsen,Die Rechte,Die Rechte,Gegen linke Gewalt – Meinungsfreiheit darf nicht zur Mutprobe werden,45
11.02.2017,Dresden,Sachsen,Gerhard ITTNER,Neonazis / Rechtsextremisten,sonstige,Gedenkveranstaltung an die Zerstörung der Stadt und die Ermordung von 350.000 Deutschen durch den alliierten Bombenterror,150
11.02.2017,Dresden,Sachsen,Aktionsbündnis gegen das Vergessen,Neonazis / Rechtsextremisten,sonstige,Dresden – Gedenken 2017. Im Gedenken der Opfer des alliierten Bombenangriffes vom 13. Februar 1945.,700
18.02.2017,Würzburg,Bayern,Der III. Weg,Der III. Weg,III. Weg,Ein Licht für Dresden,160
03.03.2017,Dresden-Gorbitz,Sachsen,NPD LV Sachsen,NPD/JN,NPD,Gorbitz sagt Nein! – Wir sind nicht das soziale Abstellgleis der Stadt!,60
04.03.2017,Wuppertal,Nordrhein-Westfalen,DIE RECHTE - KV Wuppertal,Die Rechte,Die Rechte,Masseneinwanderung stoppen – Überfremdung ist keine Bereicherung,70
07.03.2017,Berlin,Berlin,NPD - LV Berlin,NPD/JN,NPD,Keine Pariser Verhältnisse in Berlin,30
11.03.2017,Karlsruhe,Baden-Württemberg,Karlsruhe wehrt sich,Neonazis / Rechtsextremisten,sonstige,Karlsruhe wehrt sich gegen die Zerstörung Deutschlands,62
11.03.2017,Dessau-Roßlau,Sachsen-Anhalt,,Neonazis / Rechtsextremisten,sonstige,Gegen das Vergessen – Zum Gedenken der Opfer von Dessau,130
14.03.2017,Zweibrü-cken,Rheinland-Pfalz,Kameradschaft Nationaler Widerstand Zweibrücken,Neonazis / Rechtsextremisten,sonstige,Fackelmarsch Kein Vergeben Kein Vergessen,30
18.03.2017,Leipzig,Sachsen,DIE RECHTE Bundesverband,Die Rechte,Die Rechte,"Heimat erhalten, Familien fördern, Zukunft gestalten",170
01.04.2017,Göttingen,Niedersachsen,Freundeskreis Thüringen/Niedersachsen,Neonazis / Rechtsextremisten,sonstige,Gemeinsam für Deutschland,
03.04.2017,Nordhausen,Thüringen,Volksbewegung Nordthüringen,Neonazis / Rechtsextremisten,sonstige,Würdiges Gedenken der Opfer der Bombennächte vom 3. u. 4. April 45,35
04.04.2017,Nordhausen,Thüringen,Volksbewegung Nordthüringen,Neonazis / Rechtsextremisten,sonstige,Würdiges Gedenken der Opfer der Bombennächte vom 3. u. 4. April 45,24
08.04.2017,Au am Rhein/ Sinsheim,Baden-Württemberg,DIE RECHTE - LV Baden-Württemberg,Die Rechte,Die Rechte,Den Deutschen eine Zukunft,20
13.04.2017,Dortmund,Nordrhein-Westfalen,DIE RECHTE - KV Dortmund,Die Rechte,Die Rechte,,130
16.04.2017,Bad Fallingbostel,Niedersachsen,,Neonazis / Rechtsextremisten,sonstige,Spontanversammlung am Rande einer Tagung des Bund für Gotterkenntnis,25
21.04.2017,Dessau-Roßlau,Sachsen-Anhalt,Alexander WEINERT,Neonazis / Rechtsextremisten,sonstige,Freiheit für Horst Mahler !!,20
21.04.2017,Stralsund,Mecklenburg-Vorpommern,,Neonazis / Rechtsextremisten,sonstige,"Keine Radikalisierung in Moscheen, gegen Glaubenskriege, Extremismus und Terrorismus auf dt. Boden, für die Sicherheit unserer Frauen und Kinder",41
22.04.2017,Karlsruhe,Baden-Württemberg,Karlsruhe wehrt sich,Neonazis / Rechtsextremisten,sonstige,Karlsruhe wehr sich – gegen die Zerstörung Deutschlands,27
22.04.2017,Niederkraina,Sachsen,,Neonazis / Rechtsextremisten,sonstige,Gedenkveranstaltung für die Opfer des Scheunenbrandes,60
22.04.2017,Wetzlar,Hessen,,Neonazis / Rechtsextremisten,sonstige,Für die Zukunft unserer Kinder,80
22.04.2017,Berlin-Lichtenberg,Berlin,Der III. Weg,Der III. Weg,III. Weg,"Aktionstag für 1. Mai Kampagne Kapitalismus zerschlagen – für Familie, Heimat, Tradition",22
22.04.2017,Luckenwalde,Brandenburg,Der III. Weg,Der III. Weg,III. Weg,Aktionstag für 1. Mai Kampagne,20
22.04.2017,Nürnberg,Bayern,Der III. Weg,Der III. Weg,III. Weg,"Aktionstag für 1. Mai Kampagne Kapitalismus zerschlagen – für Familie, Heimat, Tradition!",60
22.04.2017,Neumarkt OPf.,Bayern,Der III. Weg,Der III. Weg,III. Weg,"Aktionstag für 1. Mai Kampagne Kapitalismus zerschlagen – für Familie, Heimat, Tradition!",40
28.04.2017,Eisenach,Thüringen,,Neonazis / Rechtsextremisten,sonstige,Mahnwache Haltet Euer Volkshaus sauber – Linksterroristen unerwünscht,50
29.04.2017,Berlin-Buch,Berlin,NPD KV 8,NPD/JN,NPD,Kein weiteres Asylantenheim in Berlin-Buch,25
01.05.2017,Köthen,Sachsen-Anhalt,,Neonazis / Rechtsextremisten,sonstige,Spontanversammlung unter dem Motto Gegen Kapitalismus und Überfremdung,200
01.05.2017,Naumburg,Sachsen-Anhalt,,Neonazis / Rechtsextremisten,sonstige,Spontanversammlung,20
01.05.2017,Apolda,Thüringen,,Neonazis / Rechtsextremisten,sonstige,Spontanversammlung,150
01.05.2017,Halle (Saale),Sachsen-Anhalt,DIE RECHTE - LV Sachsen-Anhalt,Die Rechte,Die Rechte,"Gegen Kapitalismus, Krieg & Ausbeutung",670
01.05.2017,Dortmund,Nordrhein-Westfalen,DIE RECHTE - LV Nordrhein-Westfalen,Die Rechte,Die Rechte,"Heraus zum 1. Mai: Am 1. Mai auf die Straße, am 17. Mai in den Landtag!",150
01.05.2017,Gera,Thüringen,Der III. Weg,Der III. Weg,III. Weg,"Kapitalismus zerschlagen Für Familie, Heimat, Tradition",450
01.05.2017,Essen,Nordrhein-Westfalen,NPD - LV NW,NPD/JN,NPD,"Wir arbeiten, Fremde kassieren – Asylbetrug macht uns arm!",120
01.05.2017,Bautzen,Sachsen,NPD KV Bautzen,NPD/JN,NPD,Für soziale Gerechtigkeit und gegen Asylbetrug,120
06.05.2017,Boizenburg/ Elbe,Mecklenburg-Vorpommern,,Neonazis / Rechtsextremisten,sonstige,Zukunft sichern und Zusammenhalt stärken! Wir zeigen Gesicht gegen diese BRD!,60
06.05.2017,Leinefelde,Thüringen,NPD - KV Eichsfeld,NPD/JN,NPD,Eichsfeldtag,500
08.05.2017,Demmin,Mecklenburg-Vorpommern,,Neonazis / Rechtsextremisten,sonstige,"8. Mai 1945 – kein Grund zum Feiern. Vergessen wir Tod, Leid und Besatzung nicht!",200
13.05.2017,Eisenach,Thüringen,,Neonazis / Rechtsextremisten,sonstige,Keine Moschee in Eisenach – Gefährder abschieben – Islamisierung verhindern,50
13.05.2017,Alzey,Rheinland-Pfalz,DIE RECHTE - LV Südwest,Die Rechte,Die Rechte,Schluss mit dem Volksbetrug!!! KONSEQUENT FÜR DEUTCHE INTERESSEN!!!,20
20.05.2017,Berlin,Berlin,Hand in Hand - Bündnis,Neonazis / Rechtsextremisten,sonstige,Frei Sozial und Souverän,70
28.05.2017,Berlin,Berlin,,Neonazis / Rechtsextremisten,sonstige,Keine Auslieferung an die BRD-Gesinnungsjustiz: Freiheit für Horst MAHLER,60
28.05.2017,Düsseldorf,Nordrhein-Westfalen,DIE RECHTE - Bundesverband,Die Rechte,Die Rechte,Keine Auslieferung an die BRD-Gesinnungsjustiz: Freiheit für Horst Mahler,50
03.06.2017,Karlsruhe,Baden-Württemberg,DIE RECHTE - LV Baden-Württemberg,Die Rechte,Die Rechte,9. Tag der deutschen Zukunft – Unser Signal gegen Überfremdung,300
04.06.2017,Arnschwang,Bayern,Der III. Weg,Der III. Weg,III. Weg,Multikulti tötet! Für Freiheit und Sicherheit in Deutschland,25
10.06.2017,Querfurt,Sachsen-Anhalt,,Neonazis / Rechtsextremisten,sonstige,Schluss mit linker Hetze und Verharmlosung der Massenzuwanderung,85
13.06.2017,Berlin-Buch,Berlin,NPD KV 8,NPD/JN,NPD,Kein weiteres Asylantenheim in Berlin-Buch,25
17.06.2017,Merseburg,Sachsen-Anhalt,,Neonazis / Rechtsextremisten,sonstige,Damals wie heute – Freiheit muss erkämpft werden,90
01.07.2017,Berlin,Berlin,Wir für Deutschland,Neonazis / Rechtsextremisten,sonstige,Merkel und Schulz müssen weg,370
01.07.2017,Erfurt,Thüringen,DIE RECHTE - LV Thüringen,Die Rechte,Die Rechte,Volkswirtschaft statt Finanzlobbyismus,45
01.07.2017,Templin,Brandenburg,Der III. Weg,Der III. Weg,III. Weg,Überfremdung stoppen! – Heimat bewahren,40
01.07.2017,Angermünde,Brandenburg,Der III. Weg,Der III. Weg,III. Weg,Überfremdung stoppen! – Heimat bewahren,40
01.07.2017,Prenzlau,Brandenburg,Der III. Weg,Der III. Weg,III. Weg,Überfremdung stoppen! – Heimat bewahren,40
01.07.2017,Schwedt,Brandenburg,Der III. Weg,Der III. Weg,III. Weg,Überfremdung stoppen! - Heimat bewahren,40
22.07.2017,Sulzbach,Saarland,NPD - LV SL,NPD/JN,NPD,Sulzbach wehrt sich – Keine Salafisten Moschee in Sulzbach,100
29.07.2017,Zwickau,Sachsen,THÜGIDA / Wir lieben Sachsen e. V.,Neonazis / Rechtsextremisten,sonstige,Wer fragt das Volk?,50
05.08.2017,Alzey,Rheinland-Pfalz,DIE RECHTE LV Südwest,Die Rechte,Die Rechte,Schluss mit Volksbetrug!!! KONSEQUENT FÜR DEUTSCHE INTERESSEN!!! 2.0,20
12.08.2017,Sulzbach,Saarland,NPD - LV SL,NPD/JN,NPD,Sulzbach wehrt sich – Keine Salafisten Moschee in Sulzbach,40
12.08.2017,Goslar,Niedersachsen,Kollektiv Nordharz,Neonazis / Rechtsextremisten,sonstige,Mobilisierungs-Kundgebung zum 10. Tag der deutschen Zukunft 2018,36
19.08.2017,Berlin,Berlin,,Neonazis / Rechtsextremisten,sonstige,"Mord verjährt nicht, gebt die Akten frei – Recht statt Rache!",750
19.08.2017,Falkensee,Brandenburg,,Neonazis / Rechtsextremisten,sonstige,Spontandemonstration,250
21.08.2017,Sondershausen,Thüringen,NPD - KV Kyffhäuserkreis,NPD/JN,NPD,Nein zur Masseneinwanderung Kriminalität und Sozialraub stoppen!,100
23.08.2017,Sömmerda,Thüringen,NPD - KV Sömmerda,NPD/JN,NPD,"Tag der Solidarität – deutsche Helfen deutschen / Sozialstaat stärken, Asylbetrüger konsequent Abschieben",25
23.08.2017,Sondershausen,Thüringen,NPD - KV Kyffhäuserkreis,NPD/JN,NPD,Nein zur Masseneinwanderung Kriminalität und Sozialraub stoppen!,20
23.08.2017,Dortmund,Nordrhein-Westfalen,DIE RECHTE - KV Dortmund,Die Rechte,Die Rechte,Auch nach 5 Jahren: Weg mit dem NWDO-Verbot! Weg mit allen Vereinsverboten! Mehr Demokratie wagen!,90
24.08.2017,Vacha,Thüringen,NPD - LV TH,NPD/JN,NPD,Merkel muss weg! Deutschland braucht Zukunft,20
26.08.2017,Schweinfurt,Bayern,Der III. Weg,Der III. Weg,III. Weg,Vorabkundgebung Aktion / Fulda Heimat bewahren – Für einen deutschen Sozialismus,34
26.08.2017,Fulda,Hessen,Der III. Weg,Der III. Weg,III. Weg,Heimat bewahren – Für einen deutschen Sozialismus,100
02.09.2017,Plauen,Sachsen,Der III. Weg,Der III. Weg,III. Weg,Kriminelle Ausländer RAUS – Heimat schützen,100
02.09.2017,Zwickau,Sachsen,Der III. Weg,Der III. Weg,III. Weg,Kriminelle Ausländer RAUS – Heimat schützen,100
05.09.2017,Pirmasens,Rheinland-Pfalz,NPD - LV RP,NPD/JN,NPD,Allahu Akbar? [sic!] Nein! Pirmasens erwache!,25
08.09.2017,"Wolgast, (Strasburg)",Mecklenburg-Vorpommern,NPD - KV Vorpommern-Greifswald,NPD/JN,NPD,Schlepper-Merkel stoppen – Wir schaffen das!,80
09.09.2017,Berlin,Berlin,Wir für Deutschland,Neonazis / Rechtsextremisten,sonstige,Merkel muss weg – Der Regierung die Rote Karte zeigen!,330
15.09.2017,Straubing,Bayern,Der III. Weg,Der III. Weg,III. Weg,Straubing wehrt sich! Kriminelle Ausländer raus,30
30.09.2017,Themar,Thüringen,Bündnis Zukunft Hildburghausen (BZH),Neonazis / Rechtsextremisten,sonstige,Fußballturnier mit Kundgebung Gegen linke Gewalt,48
30.09.2017,Kloster Veßra,Thüringen,Bündnis Zukunft Hildburghausen (BZH),Neonazis / Rechtsextremisten,sonstige,Merkel nicht unsere Kanzlerin,120
03.10.2017,Ramstein-Miesenbach,Rheinland-Pfalz,NPD - LV RP,NPD/JN,NPD,Deutsche Einheit in Freiheit – Abzug aller US-Truppen aus Deutschland,35
03.10.2017,Dortmund,Nordrhein-Westfalen,DIE RECHTE - KV Dortmund,Die Rechte,Die Rechte,"Für eine wirkliche Einheit, für Volksherrschaft statt Parteiendiktatur!",50
07.10.2017,Gera,Thüringen,DIE RECHTE - LV Thüringen,Die Rechte,Die Rechte,HEIMAT erhalten FAMILIEN fördern ZUKUNFT gestalten,30
21.10.2017,Lutherstadt Wittenberg,Sachsen-Anhalt,,Neonazis / Rechtsextremisten,sonstige,Stoppt die Gewalt gegen deutsche Bürger – Straftäter sofort abschieben,90
31.10.2017,Kloster Veßra,Thüringen,,Neonazis / Rechtsextremisten,sonstige,Samhain – Ahnengedenken 2017,30
12.11.2017,Wunsiedel,Bayern,Der III. Weg,Der III. Weg,III. Weg,"Tot sind nur jene, die vergessen werden",190
13.11.2017,Berlin,Berlin,NPD - LV BE,NPD/JN,NPD,Der Schrott ist das Sinnbild für eure Politik – NPD,
18.11.2017,Rathenow,Brandenburg,Bürgerbündnis Havelland e.V.,Neonazis / Rechtsextremisten,sonstige,Kundgebung,50
18.11.2017,Schleusingen,Thüringen,Bündnis Zukunft Hildburghausen,Neonazis / Rechtsextremisten,sonstige,Heldengedenken – 70 Jahre Lüge und Verrat – Ruhm und Ehre dem deutschen Soldat,100
19.11.2017,Friedrichroda,Thüringen,,Neonazis / Rechtsextremisten,sonstige,Im Gedenken an die gefallenen deutschen Soldaten beider Weltkriege,75
19.11.2017,Waren,Mecklenburg-Vorpommern,Kollektiv Seenplatte,Neonazis / Rechtsextremisten,sonstige,Heldengedenken 2017,
19.11.2017,Rostock,Mecklenburg-Vorpommern,,Neonazis / Rechtsextremisten,sonstige,Heldengedenken 2017,32
19.11.2017,Göda,Sachsen,,Neonazis / Rechtsextremisten,sonstige,Heldengedenken 2017,100
19.11.2017,Zweibrücken,Rheinland-Pfalz,Kameradschaft Nationaler Widerstand Zweibrücken,Neonazis / Rechtsextremisten,sonstige,Heldengedenken 2017,
19.11.2017,Leipzig,Sachsen,Wir für Leipzig,Neonazis / Rechtsextremisten,sonstige,Heldengedenken 2017,
15.12.2017,Dortmund,Nordrhein-Westfalen,DIE RECHTE - KV Dortmund,Die Rechte,Die Rechte,Licht ins Dunkel bringen: Unsere Solidarität gegen eure Repression! Gegen die Kriminalisierung der friedlichen Reinoldikirchenbesetzung,50
19.12.2017,Berlin,Berlin,NPD - LV BE,NPD/JN,NPD,Die Grenzen schließen – nicht die Weihnachtsmärkte,70
06.01.2018,Kandel,Rheinland-Pfalz,NPD/JN,NPD-KV Westpfalz,NPD,Mahnwache für Mia,20
17.01.2018,Dresden,Sachsen,NPD/JN,NPD-LV Sachsen,NPD,Klare Kante gegen Ausländerkriminalität und Überfremdung,50
03.02.2018,Peine,Niedersachsen,Patrioten Niedersachsen,Rechtsextremisten / Neonazis,sonstige,"Gegen Fehlpolitik, soziale Gerechtigkeit auch für Deutsche",95
03.02.2018,Weimar,Thüringen,,Rechtsextremisten / Neonazis,sonstige,Wir gedenken der Luftkriegstoten vom 09. Februar 1945 und anderer zerstörter Städte!,76
03.02.2018,Berlin,Berlin,NPD/JN,NPD-LV Berlin,NPD,Kriegstreiber stoppen!,30
09.02.2018,Neuruppin,Brandenburg,NPD/JN,NPD SV Neuruppin,NPD,Kriminelle Ausländer und Scheinasylanten raus!,50
10.02.2018,Dresden,Sachsen,Aktionsbündnis gegen das Vergessen,Rechtsextremisten / Neonazis,sonstige,Trauermarsch unter dem Motto Vergesst niemals Dresden! – Gedenken 2018,520
12.02.2018,Eisenach,Thüringen,NPD/JN,LV Niedersachsen,NPD,Deutschland den Deutschen – Wir sind das Volk!,300
17.02.2018,Dresden,Sachsen,,Rechtsextremisten / Neonazis,sonstige,Gedenkmarsch zur Erinnerung an die Zerstörung Dresdens im Februar 1945,220
26.02.2018,Eisenach,Thüringen,NPD/JN,NPD KV Wartburgkreis,NPD,Deutschland den Deutschen – Wir sind das Volk!,270
03.03.2018,Berlin,Berlin,Wir für Deutschland,Rechtsextremisten / Neonazis,sonstige,Gegen den Terror auf die Straße,500
05.03.2018,Berlin,Berlin,Wir für Deutschland,Rechtsextremisten / Neonazis,sonstige,Merkel muss weg,50
09.03.2018,Rastatt,Baden-Württemberg,Die Rechte,LV Baden-Württemberg,Die Rechte,Mobilisierung für Demonstration Europa erwache! Dortmund,40
14.03.2018,Zweibrücken,Rheinland-Pfalz,Die Rechte,Nationaler Widerstand Zweibrücken,Die Rechte,Trauermarsch,20
14.03.2018,Goslar,Niedersachsen,Die Rechte,,Die Rechte,Heraus zum 10. Tag der deutschen Zukunft; unser Signal gegen Überfremdung,50
17.03.2018,Spremberg,Brandenburg,NPD/JN,NPD-LV Brandenburg,NPD,"Wer sich nicht wehrt, lebt verkehrt!",25
18.03.2018,Potsdam,Brandenburg,,Rechtsextremisten / Neonazis,sonstige,Demonstration zum Tag der politischen Gefangenen,50
19.03.2018,Eisenach,Thüringen,NPD/JN,NPD KV Wartburgkreis,NPD,Deutschland den Deutschen – Wir sind das Volk!,200
22.03.2018,Siegen,Nordrhein-Westfalen,Der III. Weg,Stützpunkt Sauerland Süd,III. Weg,Heimat bewahren – Für einen Deutschen Sozialismus,20
24.03.2018,Wetzlar,Hessen,NPD/JN,NPD-LV Hessen,NPD,,150
26.03.2018,Berlin,Berlin,Wir für Deutschland,Rechtsextremisten / Neonazis,sonstige,Merkel muss weg,
29.03.2018,"Kamen, Unna",Nordrhein-Westfalen,Die Rechte,KV Unna,Die Rechte,Mobilisierung für Demonstration Europa erwache! Dortmund,45
03.04.2018,Kloster Veßra,Thüringen,Bündnis Zukunft Hildburghausen,Rechtsextremisten / Neonazis,sonstige,"Politik, die Bürger begeistert",80
07.04.2018,Eisenach,Thüringen,NPD/JN,NPD KV- Wartburgkreis,NPD,Deutschland den Deutschen – Wir sind das Volk!,180
07.04.2018,Bochum,Nordrhein-Westfalen,NPD/JN,NPD LV- Nordrhein-Westfalen,NPD,Europa erwache!,68
07.04.2018,Braunschweig,Niedersachsen,NPD/JN,JN LV-Nord,NPD,Hinaus zum Tag der deutschen Zukunft,50
07.04.2018,Gelsenkirchen,Nordrhein-Westfalen,Die Rechte,LV Nordrhein- Westfalen,Die Rechte,Europa erwache! Unser Europa ist nicht ihre Union!,60
07.04.2018,Duisburg,Nordrhein-Westfalen,Die Rechte,LV Nordrhein- Westfalen,Die Rechte,Europa erwache! Unser Europa ist nicht ihre Union!,70
07.04.2018,Plauen,Sachsen,Der III. Weg,Stützpunkt Vogtland,III. Weg,Sozial statt katastrophal!,110
07.04.2018,Bayreuth,Bayern,Der III. Weg,Gebietsverband Süd,III. Weg,"Kapitalismus zerschlagen – Für Familie, Heimat, Tradition",27
07.04.2018,"Zwickau, Aue",Sachsen,Der III. Weg,Gebietsverband Süd,III. Weg,"Kapitalismus zerschlagen – Für Familie, Heimat, Tradition",120
09.04.2018,Berlin,Berlin,Wir für Deutschland,Rechtsextremisten / Neonazis,sonstige,Merkel muss weg,42
14.04.2018,Dortmund,Nordrhein-Westfalen,Die Rechte,LV Nordrhein- Westfalen,Die Rechte,Unser Europa ist nicht eure EU! Für Selbstbestimmung und souveräne Nationalstaaten!,600
15.04.2018,Greiz,Thüringen,,Rechtsextremisten / Neonazis,sonstige,"Parteienwillkür und Amtsfilz abstrafen, Greizer Schweinestall ausmisten",58
16.04.2018,Berlin,Berlin,Wir für Deutschland,Rechtsextremisten / Neonazis,sonstige,Merkel muss weg,38
24.04.2018,Dessau-Roßlau,Sachsen-Anhalt,Bürgerbewe- gung in und um Dessau-Roßlau,Rechtsextremisten / Neonazis,sonstige,Gegen Gewalt auf unseren Straßen,30
01.05.2018,Erfurt,Thüringen,NPD/JN,NPD LV- Thüringen,NPD,Soziale Gerechtigkeit für alle Deutschen,700
01.05.2018,Chemnitz,Sachsen,Der III. Weg,Stützpunkt Vogtland,III. Weg,"Kapitalismus zerschlagen – Für Familie, Heimat, Tradition",700
05.05.2018,Bad Reichenhall-Karlstein,Bayern,Die Rechte,KV Berchtesgadener Land,Die Rechte,Charlemagne-Gedenken,25
07.05.2018,Berlin,Berlin,Wir für Deutschland,Rechtsextremisten / Neonazis,sonstige,Merkel muss weg,60
07.05.2018,Eisenach,Thüringen,NPD/JN,NPD KV- Wartburgkreis,NPD,Deutschland den Deutschen – Wir sind das Volk!,130
08.05.2018,Demmin,Mecklenburg-Vorpommern,NPD/JN,NPD LV- Mecklenburg- Vorpommern,NPD,Wir feiern nicht – wir vergessen nicht!,180
08.05.2018,Berlin-Buch,Berlin,NPD/JN,NPD KV-8,NPD,Gegen den Tag der Befreiung,20
10.05.2018,Bielefeld,Nordrhein-Westfalen,Die Rechte,LV Nordrhein- Westfalen,Die Rechte,Freiheit für Ursula Haverbeck!,450
14.05.2018,Dortmund,Nordrhein-Westfalen,Die Rechte,LV Nordrhein- Westfalen,Die Rechte,70 Jahre Israel: Wir feiern nicht!,50
15.05.2018,Magdeburg,Sachsen-Anhalt,Die Rechte,LV Sachsen- Anhalt,Die Rechte,Kundgebung für Ursula Haverbeck,50
26.05.2018,Berlin,Berlin,Bündnis Hand in Hand,Rechtsextremisten / Neonazis,sonstige,"Frei, sozial und souverän",43
02.06.2018,Goslar,Niedersachsen,Initiative Zukunft statt Überfremdung,Rechtsextremisten / Neonazis,sonstige,10. Tag der deutschen Zukunft unter dem Motto Unser Signal gegen Überfremdung,265
07.06.2018,Kloster Veßra,Thüringen,,Rechtsextremisten / Neonazis,sonstige,Tage der nationalen Bewegung in Kloster Veßra,40
09.06.2018,Wuppertal,Nordrhein-Westfalen,Die Rechte,KV Wuppertal,Die Rechte,Mahnwachen Masseneinwande- rung stoppen – gegen Überfrem- dung und Sozialabbau,30
16.06.2018,Wuppertal,Nordrhein-Westfalen,Die Rechte,KV Wuppertal,Die Rechte,Gemeinsam gegen Überfremdung & Sozialabbau,95
17.06.2018,Rathenow,Brandenburg,Bürgerbündnis Havelland e. V.,Rechtsextremisten / Neonazis,sonstige,Kundgebung im Zusammenhang mit dem bundesweit veranstalteten Tag der Patrioten,40
17.06.2018,Dresden,Sachsen,NPD/JN,NPD LV-Sachsen,NPD,Damals wie heute – Staatsschergen abstrafen!,22
21.06.2018,Dortmund,Nordrhein-Westfalen,Die Rechte,KV Dortmund,Die Rechte,Freiheit für Ursula Haverbeck,45
22.06.2018,Hamm,Nordrhein-Westfalen,Die Rechte,KV Hamm,Die Rechte,Freiheit für Ursula Haverbeck,35
29.06.2018,Büdingen,Hessen,NPD/JN,NPD LV-Hessen,NPD,Wir setzen uns durch – Verfas- sungsbrecher Spamer absetzen ,23
29.06.2018,Hamm,Nordrhein-Westfalen,Die Rechte,KV Hamm,Die Rechte,Gegen Polizeigewalt und staatliche Repression,70
30.06.2018,Nürnberg,Bayern,,Rechtsextremisten / Neonazis,sonstige,"Freiheit für alle politischen Gefangenen, für die Abschaffung des Paragrafen 130 StGB",250
30.06.2018,Bad Belzig,Brandenburg,NPD/JN,NPD LV- Brandenburg,NPD,"Wer sich nicht wehrt, lebt verkehrt",20
07.07.2018,Kirchheim,Thüringen,Der III. Weg,Bundesverband,III. Weg,"Jugend im Sturm – Für Familie, Heimat und Tradition",220
13.07.2018,Kloster Veßra,Thüringen,,Rechtsextremisten / Neonazis,sonstige,Was von Meinungsfreiheit bleibt,300
20.07.2018,Dortmund,Nordrhein-Westfalen,Die Rechte,Landesverband (LV) NW,Die Rechte,Keine Moschee in Lindenhorst,81
20.07.2018,Wetzlar,Hessen,NPD/JN,LV HE,NPD,"Behördenkriminalität stoppen, Rechtsbrecher Wagner absetzen",30
28.07.2018,Siegen,Nordrhein-Westfalen,Der III. Weg,Stützpunkt Rheinhessen,III. Weg,Familien schützen! Homo-Propaganda stoppen!,20
04.08.2018,Alzey,Rheinland-Pfalz,Die Rechte,"Kameradschaft Rheinhessen, Nationaler Widerstand Zweibrücken",Die Rechte,"Deutsche Zukunft schaffen: Gegen Überfremdung, Sozialabbau und Parteienfilz!",28
04.08.2018,Regen,Bayern,Der III. Weg,Stützpunkt Ostbayern,III. Weg,Scheiß Deutscher - wach endlich auf! Festung Europa statt Multikultiterror,33
18.08.2018,Berlin,Berlin,Freie Kräfte/ NPD,Rechtsextremisten / Neonazis,NPD,Recht statt Rache – Mord verjährt nicht – Gebt die Akten frei!,800
18.08.2018,Chemnitz,Sachsen,,Rechtsextremisten / Neonazis,sonstige,Deutsch und stolz darauf,120
23.08.2018,Dortmund,Nordrhein-Westfalen,Die Rechte,LV NW,Die Rechte,Weg mit dem NWDO-Verbot,80
26.08.2018,Chemnitz,Sachsen,Kaotic Chemnitz,Rechtsextremisten / Neonazis,sonstige,,800
27.08.2018,Düsseldorf,Nordrhein-Westfalen,,Rechtsextremisten / Neonazis,sonstige,,150
27.08.2018,Rostock,Mecklenburg-Vorpommern,Autonome Nationalisten Rostock,Rechtsextremisten / Neonazis,sonstige,Solidaritätsaktion Chemnitz ist überall,20
29.08.2018,Kaiserslautern,Rheinland-Pfalz,,Rechtsextremisten / Neonazis,sonstige,Es reicht – Abschieben statt integrieren – Merkel muss weg!,50
01.09.2018,Leinefelde,Thüringen,NPD/JN,Kreisverband (KV) Eichsfeld,NPD,"Das Eichsfeld im Herzen, Deutschland im Sinn",170
01.09.2018,Plauen,Sachsen,Der III. Weg,Stützpunkt Vogtland,III. Weg,Bürger schützen! Zuzugsstop für Asylanten - jetzt!,1.000
03.09.2018,Dresden,Sachsen,Freie Kräfte Dresden,Rechtsextremisten / Neonazis,sonstige,Innere Sicherheit – Schützt unsere Familien!,25
05.09.2018,Hamburg,Hamburg,,Rechtsextremisten / Neonazis,sonstige,Merkel muss weg,180
08.09.2018,Chemnitz,Sachsen,,Rechtsextremisten / Neonazis,sonstige,Trauer und Gedenken den Opfern vom 26.08.2018,25
09.09.2018,Köthen,Sachsen-Anhalt,,Rechtsextremisten / Neonazis,sonstige,,2.500
10.09.2018,Halle,Sachsen-Anhalt,,Rechtsextremisten / Neonazis,sonstige,Holen wir uns unser Land zurück,450
21.09.2018,Dortmund,Nordrhein-Westfalen,Die Rechte,KV Dortmund,Die Rechte,Gegen Repressionen und Polizeigewalt,72
29.09.2018,Köthen,Sachsen-Anhalt,,Rechtsextremisten / Neonazis,sonstige,Wir sind Köthen,460
03.10.2018,Dortmund,Nordrhein-Westfalen,Die Rechte KV Dortmund,Parteien,Die Rechte,"Sicherheit für Dortmund schaffen: Politische Willkür beenden, Polizeikapazitäten sinnvoll nutzen, Kriminalität zurückdrängen",50
03.10.2018,RamsteinMiesbach,Rheinland-Pfalz,,Rechtsextremisten/ Neonazis,sonstige,Deutsche Einheit in Freiheit – Abzug aller US-Truppen aus Deutschland,50
03.10.2018,Berlin,Berlin,Wir für Deutschland e. V.,Rechtsextremisten/ Neonazis,sonstige,Tag der Nation 2018,1.900
05.10.2018,Chemnitz,Sachsen,Pro Chemnitz,Rechtsextremisten/ Neonazis,sonstige,Sicherheit für Chemnitz,1.100
12.10.2018,Stralsund,Mecklenburg-Vorpommern,Vereint für Stralsund,Rechtsextremisten/ Neonazis,sonstige,Wir haben die Schnauze voll,140
12.10.2018,Chemnitz,Sachsen,Pro Chemnitz,Rechtsextremisten/ Neonazis,sonstige,Sicherheit für Chemnitz,1.100
19.10.2018,Neunkirchen,Saarland,,Rechtsextremisten/ Neonazis,sonstige,Merkel muss weg,30
19.10.2018,Chemnitz,Sachsen,Pro Chemnitz,Rechtsextremisten/ Neonazis,sonstige,Sicherheit für Chemnitz,1.000
20.10.2018,Schwarzenberg/Erzg.,Sachsen,Freigeist e. V.,Rechtsextremisten/ Neonazis,sonstige,Schutzzone Erzgebirge – Sicherheit auch für Deutsche,300
26.10.2018,Chemnitz,Sachsen,Pro Chemnitz,Rechtsextremisten/ Neonazis,sonstige,Sicherheit für Chemnitz,1.050
27.10.2018,Tangermünde,Sachsen-Anhalt,,Rechtsextremisten/ Neonazis,sonstige,Für ein freies und souveränes Deutschland,50
27.10.2018,Kloster Veßra,Thüringen,,Rechtsextremisten/ Neonazis,sonstige,,250
27.10.2018,Jamel,Mecklenburg-Vorpommern,Dorfgemeinschaft Jamel,Rechtsextremisten/ Neonazis,sonstige,Lichterfest,100
27.10.2018,Kaiserslautern,Rheinland-Pfalz,Nationaler Widerstand Zweibrücken,Rechtsextremisten/ Neonazis,sonstige,"Gestern Chemnitz und Köthen, morgen Kaiserslautern?",20
02.11.2018,Chemnitz,Sachsen,Pro Chemnitz,Rechtsextremisten/ Neonazis,sonstige,Sicherheit für Chemnitz,950
07.11.2018,Hamburg,Hamburg,,Rechtsextremisten/ Neonazis,sonstige,Merkel muss weg!,100
09.11.2018,Berlin,Berlin,Wir für Deutschland e. V.,Rechtsextremisten/ Neonazis,sonstige,Trauermarsch für die Opfer von Politik!,150
09.11.2018,Stralsund,Mecklenburg-Vorpommern,Vereint für Stralsund,Rechtsextremisten/ Neonazis,sonstige,Heimatliebe ist kein Verbrechen,100
09.11.2018,Chemnitz,Sachsen,Pro Chemnitz,Rechtsextremisten/ Neonazis,sonstige,Sicherheit für Chemnitz,1.200
10.11.2018,Bielefeld,Nordrhein-Westfalen,Die Rechte LVNW,Parteien,Die Rechte,Freiheit für Ursula Haverbeck,413
10.11.2018,Magdeburg,Sachsen-Anhalt,Bürgerinitiative Magdeburg,Rechtsextremisten/ Neonazis,sonstige,Fackelmarsch Für die Opfer der Politik und für sichere Städte,700
10.11.2018,Güstrow,Mecklenburg-Vorpommern,Kameradschaft Güstrow,Rechtsextremisten/ Neonazis,sonstige,Für die Sicherheit unserer Kinder,35
16.11.2018,Chemnitz,Sachsen,,Rechtsextremisten/Neonazis,sonstige,Lang lebe die Kanzlerin,200
16.11.2018,Chemnitz,Sachsen,Pro Chemnitz,Rechtsextremisten/Neonazis,sonstige,Sicherheit für Chemnitz,2.500
17.11.2018,Wunsiedel,Bayern,Der III.Weg Stützpunkt Ostbayern,Parteien,III. Weg,"Heldengedenken: Tot sind nur jene, die vergessen werden!",250
17.11.2018,Remagen,Rheinland-Pfalz,,Rechtsextremisten/ Neonazis,sonstige,Gedenkmarsch,150
17.11.2018,Schleusingen,Thüringen,Bündnis Zukunft Hildburghausen,Rechtsextremisten/ Neonazis,sonstige,Heldengedenken,80
18.11.2018,Quitzdorf am See,Sachsen,,Rechtsextremisten/ Neonazis,sonstige,Heldengedenken,70
18.11.2018,Friedrichroda,Thüringen,Bündnis Zukunft Landkreis Gotha,Rechtsextremisten/ Neonazis,sonstige,Thüringer Heldengedenken,60
18.11.2018,Telgte,Nordrhein-Westfalen,,Rechtsextremisten/ Neonazis,sonstige,Heldengedenken,50
18.11.2018,Göda,Sachsen,,Rechtsextremisten/ Neonazis,sonstige,Heldengedenken,70
24.11.2018,Salzgitter,Niedersachsen,"NPD/JN, JN Braunschweig",Parteien,NPD,Sicherheit schaffen – Überfremdung und Ghettoisierung stoppen!,90
24.11.2018,Kaiserslautern,Rheinland-Pfalz,"Die Rechte, LV-Südwest",Parteien,Die Rechte,"Gestern Chemnitz und Köthen, morgen Kaiserslautern?",25
24.11.2018,Bretzenheim,Rheinland-Pfalz,,Rechtsextremisten/ Neonazis,sonstige,Rheinwiesengedenken,80
26.11.2018,Wittenburg,Mecklenburg-Vorpommern,MVGIDA,Rechtsextremisten/ Neonazis,sonstige,Musste es soweit kommen?,70
30.11.2018,Chemnitz,Sachsen,Pro Chemnitz,Rechtsextremisten/ Neonazis,sonstige,Sicherheit für Chemnitz,300
10.12.2018,Rostock,Mecklenburg-Vorpommern,Autonome Nationalisten Rostock,Rechtsextremisten/ Neonazis,sonstige,Spontandemonstration Deutsche Jugend in die Offensive,20
10.12.2018,Hagenow,Mecklenburg-Vorpommern,MVGIDA,Rechtsextremisten/ Neonazis,sonstige,Gewalt durch Überfremdung,100
13.12.2018,Berlin,Berlin,Bündnis Hand in Hand,Rechtsextremisten/ Neonazis,sonstige,Für bezahlbaren Wohnraum,20
14.12.2018,Chemnitz,Sachsen,Pro Chemnitz,Rechtsextremisten/ Neonazis,sonstige,Sicherheit für Chemnitz,200
21.12.2018,Dortmund,Nordrhein-Westfalen,"Die Rechte, LV-NW",Parteien,Die Rechte,"Gegen Hetze und Polizeirepression! Freiheit für Steven, Freiheit für Siggi!",152
22.12.2018,Kloster Veßra,Thüringen,,Rechtsextremisten/ Neonazis,sonstige,Fackelmarsch,
24.12.2018,Wuppertal,Nordrhein-Westfalen,"Die Rechte, KV-Wuppertal",Parteien,Die Rechte,Gegen Polizeirepression – da habt ihr die Bescherung,30
05.01.2019,Speyer,Rheinland-Pfalz,Der III. Weg,Parteien,III. Weg,Wir werden aktiv! – Komm und mach mit! UN-Migrationspakt und Multikulti-Chaos stoppen,50
11.01.2019,Stralsund,Mecklenburg-Vorpommern,Vereint für Stralsund,Rechtsextremisten / Neonazis,sonstige,Unsere Heimat – Unser Auftrag,125
19.01.2019,Berlin,Berlin,,Rechtsextremisten / Neonazis,sonstige,Für deutsche Kultur in Deutschland,150
19.01.2019,Magdeburg,Sachsen-Anhalt,,Rechtsextremisten / Neonazis,sonstige,Trauermarsch – 16.000 unvergessen,150
20.01.2019,Dessau-Roßlau,Sachsen-Anhalt,,Rechtsextremisten / Neonazis,sonstige,,150
21.01.2019,Güstrow,Mecklenburg-Vorpommern,,Rechtsextremisten / Neonazis,sonstige,Keine Steuergelder für Migrantenwahnsinn,60
23.01.2019,Heidenau,Sachsen,NPD/JN,Parteien,NPD,Identität bewahren – Zuwanderung stoppen!,30
26.01.2019,Roßlau,Sachsen-Anhalt,,Rechtsextremisten / Neonazis,sonstige,Keine Toleranz für linke Gewalt – wir zeigen Gesicht,40
08.02.2019,Templin,Brandenburg,,Rechtsextremisten / Neonazis,sonstige,Nicht meine Ehrenbürgerin – nicht meine Kanzlerin,70
15.02.2019,Dresden,Sachsen,NPD/JN,Parteien,NPD,Vergesst niemals Dresden! Gedenkmarsch zu Ehren der Dresdner Luftkriegstoten des 13. Februar 1945,1.500
16.02.2019,Fulda,Hessen,Der III. Weg,Parteien,III. Weg,Ein Licht für Dresden,150
19.02.2019,Dessau-Roßlau,Sachsen-Anhalt,,Rechtsextremisten / Neonazis,sonstige,Solidarität mit den Opfern vom 19. Januar!,
22.02.2019,Rostock,Mecklenburg-Vorpommern,Vereint für Stralsund/Vereint für Rostock,Rechtsextremisten / Neonazis,sonstige,Heimatliebe ist kein Verbrechen,100
25.02.2019,Templin,Brandenburg,,Rechtsextremisten / Neonazis,sonstige,Wir sind das Volk! Sozialabbau stoppen – Zukunft gestalten,80
03.03.2019,Chemnitz,Sachsen,Bürgerbewegung Pro Chemnitz,Rechtsextremisten / Neonazis,sonstige,Gedenken der Opfer der Luftangriffe auf Chemnitz,120
08.03.2019,Halle a. d. Saale,Sachsen-Anhalt,,Rechtsextremisten / Neonazis,sonstige,Frauentags-Demo,50
08.03.2019,Stralsund,Mecklenburg-Vorpommern,Vereint für Stralsund,Rechtsextremisten / Neonazis,sonstige,Unsere Frauen sind kein Freiwild,70
09.03.2019,GelsenkirchenBuer,Nordrhein-Westfalen,Die Rechte,Parteien,Die Rechte,"Justizwillkür, Staatliche Repressalien, und Polizeischikanen einen Riegel vor!",20
09.03.2019,Blieskastel über Neunkirchen nach Kaiserslautern,Saarland,Die Rechte,Parteien,Die Rechte,Fahrt der Erinnerung,80
09.03.2019,Plauen,Sachsen,Der III. Weg,Parteien,III. Weg,Ausländergewalt stoppen!,100
14.03.2019,Zweibrücken,Rheinland-Pfalz,Die Rechte,Parteien,Die Rechte,"Fackelmarsch Im Gedenken an den Massenmord durch die Alliierten am deutschen Volk. Kein Vergeben, kein Vergessen.",
16.03.2019,Mettmann,Nordrhein-Westfalen,Der III. Weg,Parteien,III. Weg,Europa erwache! Europäische Eidgenossenschaft statt EUDiktatur!,60
16.03.2019,Brandenburg a. d. Havel,Brandenburg,,Rechtsextremisten / Neonazis,sonstige,2. Tag der politischen Gefangenen,40
16.03.2019,Dessau-Roßlau,Sachsen-Anhalt,,Rechtsextremisten / Neonazis,sonstige,Gedenkmarsch Dessau 2019,100
22.03.2019,Dortmund-Westerfilde,Nordrhein-Westfalen,Die Rechte,Parteien,Die Rechte,"Sicherheit, Recht und Ordnung für Westerfilde. Zur Europawahl Die Rechte wählen",40
23.03.2019,Friedrichroda,Thüringen,Bündnis Zukunft Landkreis Gotha,Rechtsextremisten / Neonazis,sonstige,Thüringer Heldengedenken 2019,
23.03.2019,Weimar,Thüringen,,Rechtsextremisten / Neonazis,sonstige,Gegen verfehlte Asylpolitik und für eine sichere Zukunft,30
06.04.2019,Magdeburg,Sachsen-Anhalt,"Bürgerinitiative Magdeburg/ MAGIDA, NPD/JN",Rechtsextremisten / Neonazis,sonstige,"Für sichere Städte und die Zukunft unserer Kinder, Gegen die Islamisierung Magdeburgs",200
13.04.2019,Gotha,Thüringen,Bündnis Zukunft Landkreis Gotha,Rechtsextremisten / Neonazis,sonstige,Überfremdung stoppen! Unseren Kindern eine Zukunft sicheren,75
13.04.2019,Stendal,Sachsen-Anhalt,Bürgerbewegung Altmark,Rechtsextremisten / Neonazis,sonstige,Baustopp ZASt Stendal,40
14.04.2019,Hamburg,Hamburg,,Rechtsextremisten / Neonazis,sonstige,"Michel, wach endlich auf!",130
20.04.2019,"Göttingen, Hannover, Lüneburg, Hamburg",Niedersachsen,NPD/JN,Parteien,NPD,Widerstand ist wählbar – Festung Europa – Schutzzone Deutschland,20
20.04.2019,Wuppertal,Nordrhein-Westfalen,Die Rechte,Parteien,Die Rechte,Schluss mit der feigen Symbolpolitik – schützt endlich die Grenzen Europas!,75
20.04.2019,Ingelheim,Rheinland-Pfalz,Die Rechte,Parteien,Die Rechte,"Heimat erhalten, Familien fördern, Zukunft gestalten!",
22.04.2019,Bautzen,Sachsen,,Rechtsextremisten / Neonazis,sonstige,Gedenkveranstaltung,60
27.04.2019,Salzgitter,Niedersachsen,Die Rechte,Parteien,Die Rechte,Europawahlkampf,20
01.05.2019,Hanau,Hessen,NPD/JN,Parteien,NPD,Hanau und Frankfurt sind unsere Städte! Asylbetrüger und kriminelle Ausländer raus!,180
01.05.2019,Wismar,Mecklenburg-Vorpommern,NPD/JN,Parteien,NPD,Arbeit – Zukunft – Heimat | Sozial geht nur national!,250
01.05.2019,Dresden,Sachsen,NPD/JN,Parteien,NPD,NPD-Demonstration zum 1. Mai – Sozial geht nur national!,175
01.05.2019,"Eisenhüttenstadt, Guben",Brandenburg,NPD/JN,Parteien,NPD,Sozial geht nur national – Deutschland ist nicht der Selbstbedienungsladen der ganzen Welt!,50
01.05.2019,Duisburg,Nordrhein-Westfalen,Die Rechte,Parteien,Die Rechte,Tag der Arbeit,293
01.05.2019,Plauen,Sachsen,Der III. Weg,Parteien,III. Weg,Arbeiterkampftag,500
03.05.2019,Dortmund,Nordrhein-Westfalen,Die Rechte,Parteien,Die Rechte,Gegen Polizeirepressionen! Gegen die Durchsuchung der Emscherstr. 2 und Thusneldastr. 2,140
04.05.2019,Sinsheim,Baden-Württemberg,NPD/JN,Parteien,NPD,Sinsheim braucht mehr Sicherheit und Heimatliebe,25
08.05.2019,Demmin,Mecklenburg-Vorpommern,NPD/JN,Parteien,NPD,"Gedenkmarsch 8. Mai 1945 – kein Grund zum Feiern. Vergessen wir Tod, Leid und Besatzung nicht.",200
11.05.2019,Karlstein Bad Reichenhall,Bayern,NPD/JN,Parteien,NPD,Charlemagne-Gedenkveranstaltung,39
11.05.2019,Pforzheim,Baden-Württemberg,Die Rechte,Parteien,Die Rechte,Festung Europa – Für den Erhalt unserer Kulturen,80
11.05.2019,Plauen,Sachsen,Der III. Weg,Parteien,III. Weg,Soziale Gerechtigkeit für alle Deutsche,
18.05.2019,Leinefelde,Thüringen,NPD/JN,Parteien,NPD,Eichsfeldtag,130
18.05.2019,Bayerischer Wald,Bayern,Der III. Weg,Parteien,III. Weg,Kundgebungstour Europa erwache!,
19.05.2019,Köthen,Sachsen-Anhalt,,Rechtsextremisten / Neonazis,sonstige,Für Gerechtigkeit – gegen Kuscheljustiz mit Tottretern und Messermännern,300
23.05.2019,Halle,Sachsen-Anhalt,,Rechtsextremisten / Neonazis,sonstige,Kinderschutz vor grünem Eigennutz,
25.05.2019,Stendal,Sachsen-Anhalt,Bürgerbewegung Altmark,Rechtsextremisten / Neonazis,sonstige,Sternmarsch Baustopp ZASt Stendal,50
25.05.2019,Dortmund,Nordrhein-Westfalen,Die Rechte,Parteien,Die Rechte,Wahlkampfabschluss zur Europawahl 2019. 70 Jahre Bundesrepublik: Wir fordern endlich nationale Souveränität statt EU-Zentralisierung!,184
01.06.2019,Chemnitz,Sachsen,JN,Parteien,NPD,TDDZ Tag der deutschen Zukunft,273
02.06.2019,Mönchengladbach,Nordrhein-Westfalen,Bürgerinitiative Mönchengladbach steht auf,Rechtsextremisten / Neonazis,sonstige,Wir wollen keine SalafistenSchweine,260
09.06.2019,Dessau-Roßlau,Sachsen-Anhalt,,Rechtsextremisten / Neonazis,sonstige,Schützt unsere Kinder,120
15.06.2019,Dessau-Roßlau,Sachsen-Anhalt,,Rechtsextremisten / Neonazis,sonstige,Schützt unsere Kinder! Härtere Strafen für kriminelle Ausländer!,110
16.06.2019,Olpe,Nordrhein-Westfalen,Der III. Weg,Parteien,III. Weg,Tag der Heimattreue,30
26.06.2019,Siegen,Nordrhein-Westfalen,Der III. Weg,Parteien,III. Weg,Ausländerterror stoppen! – Den Opfern eine Stimme geben,20
06.07.2019,Erfurt,Thüringen,Der III. Weg,Parteien,III. Weg,Gegen polizeiliche Repressionen,150
14.07.2019,Berlin,Berlin,,Rechtsextremisten / Neonazis,sonstige,Für deutsche Kultur in Deutschland,100
20.07.2019,Kassel,Hessen,Die Rechte,Parteien,Die Rechte,"Gegen Pressehetze, Verleumdung und Maulkorbphantasie",120
27.07.2019,Hildesheim,Niedersachsen,Die Rechte,Parteien,Die Rechte,Gegen Pressehetze und Repression,23
01.08.2019,Essen,Nordrhein-Westfalen,Steeler Jungs,Rechtsextremisten / Neonazis,sonstige,Trauerzug für den getöteten 8-jährigen Jungen aus Frankfurt,340
02.08.2019,Zwickau,Sachsen,,Rechtsextremisten / Neonazis,sonstige,Gegen linke Hetze und Gewalt,45
03.08.2019,Berlin,Berlin,,Rechtsextremisten / Neonazis,sonstige,Für den Erhalt unseres deutschen Vaterlandes,50
17.08.2019,Ingelheim,Rheinland-Pfalz,Die Rechte,Parteien,Die Rechte,Mord verjährt nicht!,34
23.08.2019,Dortmund,Nordrhein-Westfalen,Die Rechte,Parteien,Die Rechte,Weg mit dem NWDO-Verbot! Weg mit allen Vereinsverboten! Mehr Demokratie wagen!,80
24.08.2019,Weimar,Thüringen,,Rechtsextremisten / Neonazis,sonstige,Für den Erhalt unseres deutschen Vaterlandes,60
24.08.2019,Erfurt,Thüringen,Der III. Weg,Parteien,III. Weg,Gemeinsam gegen Homopropaganda! -Für die traditionelle Deutsche Familie!,20
25.08.2019,Chemnitz,Sachsen,Pro Chemnitz,Rechtsextremisten / Neonazis,sonstige,Sicherheit für Chemnitz,450
30.08.2019,Chemnitz,Sachsen,Pro Chemnitz,Rechtsextremisten / Neonazis,sonstige,Sicherheit für Chemnitz,140
12.09.2019,Büdingen,Hessen,NPD/JN,Parteien,NPD,Meinungsfreiheit ist unantastbar - Gegen linke Meinungsdiktatur,
12.09.2019,Dortmund,Nordrhein-Westfalen,Die Rechte,Parteien,Die Rechte,Sicherheit für Dortmund statt billiger PR in Dorstfeld,60
13.09.2019,Dortmund,Nordrhein-Westfalen,Die Rechte,Parteien,Die Rechte,Sicherheit für Dortmund statt billiger PR in Dorstfeld,60
14.09.2019,Themar,Thüringen,NPD/JN,Parteien,NPD,Gegen staatliche Repression Musik & Redebeiträge für die Versammlungs- & Meinungsfreiheit in Deutschland,150
14.09.2019,Dortmund,Nordrhein-Westfalen,Die Rechte,Parteien,Die Rechte,Sicherheit für Dortmund statt billiger PR in Dorstfeld,60
20.09.2019,Dortmund,Nordrhein-Westfalen,Die Rechte,Parteien,Die Rechte,"Sicherheit, RECHT und Ordnung - Grundrechte sind unverhandelbar: Gegen den offenen Rechtsbruch und die Ignoranz verwaltungsgerichtlicher Rechtsprechung durch die Polizei, Versammlungen müssen auch in der Nordstadt möglich sein!",80
22.09.2019,Mönchengladbach,Nordrhein-Westfalen,Mönchengladbach steht auf!,Rechtsextremisten / Neonazis,sonstige,"Erster Todestag - Wir werden dich nicht vergessen, Flubber",30
28.09.2019,Horn-Bad Meinberg,Nordrhein-Westfalen,Die Rechte,Parteien,Die Rechte,"Sicherheit, Recht und Ordnung für Horn",30
29.09.2019,Hamburg,Hamburg,,Rechtsextremisten / Neonazis,sonstige,Deutscher Michel wach endlich auf,70
30.09.2019,Dortmund,Nordrhein-Westfalen,Die Rechte,Parteien,Die Rechte,"Sicherheit für die Nordstadt, Rechtsstaatlichkeit für Dortmund! Gegen die Beschneidung des Versammlungsrechtes im Dortmunder Norden, gegen schikanöse Auflagen, gegen den alltäglichen Wahnsinn!",80